{
    "file":  "Bank Statement 30 Year Fixed - Blue Matrix.pdf",
    "base_name":  "Bank Statement 30 Year Fixed - Blue Matrix",
    "product_category":  "Unknown",
    "extracted_text":  "11/18/25, 12:09 PM Bank Statement 30 Year Fixed - Blue Matrix Bank Statement 30 Year Fixed - Blue Matrix Applicable to all loans imported on or after March 19, 2025 30 Year PURCHASE \u0026 RATE AND TERM REFINANCE PRIMARY SECOND HOME INVESTMENT Feedback Max Loan Units Max Min Max Min Max Min Size LTV/CLTV/HCLTV FICO2 LTV/CLTV/HCLTV FICO2 LTV/CLTV/HCLTV FICO2 90% 680 90% 680 80% 680 1-4 $3,000,000 85% 640 85% 640 75% 640 Unit1 $2,500,000 80% 620 80% 620 70% 620 1Second Home only available on 1 Unit 2FICO \u003c=660 not permitted in Massachusetts or Nevada https://thesource.uwm.com/search-guidelines/uwm-documents/secondary/bankstatementbluematrix/#AnchorB 1/3 11/18/25, 12:09 PM Bank Statement 30 Year Fixed - Blue Matrix CASH-OUT REFINANCE PRIMARY SECOND HOME INVESTMENT Max Loan Units Max Min Max Min Max Min Size LTV/CLTV/HCLTV FICO2 LTV/CLTV/HCLTV FICO2 LTV/CLTV/HCLTV FICO2 85% 680 85% 680 75% 680 1-4 $3,000,000 80% 640 80% 640 70% 640 Unit1 $2,500,000 75% 620 75% 620 65% 620 1Second Home only available on 1 Unit 2FICO \u003c=660 not permitted in Massachusetts or Nevada Feedback BASIC PRODUCT PARAMETERS Max Debt-to- First time homebuyers not Second appraisal required for loan Income ratio permitted on investment Appraisal waivers not permitted amounts \u003e $1,500,000 50% properties Minimum 12 months At least one borrower must utilize bank consecutive bank statements Manufactured Homes not permitted statements for qualification required Minimum 6 months reserves required for loan amounts ≤ $2,000,000, Max cash out $500,000 for LTV \u003e60%, No minimum 9 months required for loan amounts $2,000,001-$3,000,000. Cash Cash-out cap when LTV ≤60% Out proceeds may be used as reserves https://thesource.uwm.com/search-guidelines/uwm-documents/secondary/bankstatementbluematrix/#AnchorB 2/3 11/18/25, 12:09 PM Bank Statement 30 Year Fixed - Blue Matrix BASIC PRODUCT PARAMETERS See Escrow Waiver Policy for See Products Not Offered Job Aid for list of Temporary rate buydowns not available eligibility and state criteria products not currently offered by UWM. STATE REQUIREMENTS NOT PERMITTED IN WEST VIRGINIA OR FOR TEXAS 50(A)(6) **Please refer to the current UWM Overlay Sheet for detailed underwriting guidelines and documentation requirements. All borrowers on the loan must have a FICO score and must meet the FICO requirement.** DATE UPDATED: 5/14/2025 PROPRIETARY AND CONFIDENTIAL TO UWM - FOR USE BY UWM APPROVED PARTIES ONLY. NMLS #3038 Feedback https://thesource.uwm.com/search-guidelines/uwm-documents/secondary/bankstatementbluematrix/#AnchorB 3/3 ",
    "ingested_at":  "2025-11-18 12:53:02"
}
