{
    "file":  "Bank Statement 30 Year Fixed Pink Matrix Updated Oct. 23, 2024.pdf",
    "base_name":  "Bank Statement 30 Year Fixed Pink Matrix Updated Oct. 23, 2024",
    "product_category":  "Unknown",
    "extracted_text":  "11/18/25, 12:10 PM Bank Statement 30 Year Fixed Pink Matrix Updated Oct. 23, 2024 Bank Statement 30 Year Fixed Pink Matrix Updated Oct. 23, 2024 Applicable to all loans locked on or after October 23, 2024 30 Year PURCHASE \u0026 RATE AND TERM REFINANCE PRIMARY SECOND HOME INVESTMENT Units Max Loan Size Max Min Max Min Max Min LTV/CLTV/HCLTV FICO LTV/CLTV/HCLTV FICO LTV/CLTV/HCLTV FICO $3,000,000 85% 700 85% 700 75% 720 1-4 Unit1 $2,000,000 85% 680 85% 680 80% 680 $2,000,000 80% 660 80% 660 70% 660 1Second Home only available on 1 Unit CASH-OUT REFINANCE Feedback PRIMARY SECOND HOME INVESTMENT Units Max Loan Size Max Min Max Min Max Min LTV/CLTV/HCLTV FICO LTV/CLTV/HCLTV FICO LTV/CLTV/HCLTV FICO 80% 720 80% 720 $3,000,000 70% 740 70% 680 70 680 1-4 Unit1 $2,000,000 80% 680 80% 680 75% 680 $1,500,000 70% 660 70% 660 75% 680 1Second Home only available on 1 Unit https://thesource.uwm.com/search-guidelines/uwm-documents/secondary/bankstatement30yearfixedpinkmatrixupdated20241023 1/2 11/18/25, 12:10 PM Bank Statement 30 Year Fixed Pink Matrix Updated Oct. 23, 2024 CONDITION/REQUIREMENT CONDITION/REQUIREMENT CONDITION/REQUIREMENT Second appraisal required for Max Debt-to-Income ratio 50% Appraisal waivers not permitted loan amounts \u003e $1,500,000 Minimum 12 months At least one borrower must utilize bank statements for qualification consecutive bank statements required Max cash out $500,000 for LTV Manufactured Homes not permitted Temporary rate buydowns not permitted \u003e60%, No Cash-out cap when LTV ≤60% Minimum 6 months reserves required for loan amounts ≤ $2,000,000, minimum 9 months required for loan amounts $2,000,001-$3,000,000. Cash Out proceeds may be used as reserves See Products Not Offered Job See Escrow Waiver Policy for eligibility and state criteria Aid for list of products not currently offered by UWM STATE REQUIREMENTS STATE REQUIREMENT Feedback Not permitted in West Virginia or for Texas 50(a)(6) **Please refer to the current UWM Overlay Sheet for detailed underwriting guidelines and documentation requirements. All borrowers on the loan must have a FICO score and must meet the FICO requirement.** DATE UPDATED: 10/23/2024 PROPRIETARY AND CONFIDENTIAL TO UWM - FOR USE BY UWM APPROVED PARTIES ONLY. NMLS #3038 https://thesource.uwm.com/search-guidelines/uwm-documents/secondary/bankstatement30yearfixedpinkmatrixupdated20241023 2/2 ",
    "ingested_at":  "2025-11-18 12:53:03"
}
