{
    "file":  "Bank Statement 30 Year Fixed - Yellow Matrix.pdf",
    "base_name":  "Bank Statement 30 Year Fixed - Yellow Matrix",
    "product_category":  "Unknown",
    "extracted_text":  "11/18/25, 12:10 PM Bank Statement 30 Year Fixed - Yellow Matrix Bank Statement 30 Year Fixed - Yellow Matrix 30 Year PURCHASE \u0026 RATE AND TERM REFINANCE PRIMARY SECOND HOME INVESTMENT Max Loan Units Max Min Max Min Max Min Size Feedback LTV/CLTV/HCLTV FICO LTV/CLTV/HCLTV FICO LTV/CLTV/HCLTV FICO 90% 680 90% 680 80% 680 1-4 $3,000,000 85% 640 85% 640 75% 640 Unit1 $2,500,000 80% 620 80% 620 70% 620 1Second Home only available on 1 Unit CASH-OUT REFINANCE PRIMARY SECOND HOME INVESTMENT Max Loan Units Max Min Max Min Max Min Size LTV/CLTV/HCLTV FICO LTV/CLTV/HCLTV FICO LTV/CLTV/HCLTV FICO https://thesource.uwm.com/search-guidelines/uwm-documents/secondary/bankstatementyellowmatrix 1/3 11/18/25, 12:10 PM Bank Statement 30 Year Fixed - Yellow Matrix CASH-OUT REFINANCE 85% 680 85% 680 75% 680 1-4 $3,000,000 80% 640 80% 640 70% 640 Unit1 $2,500,000 75% 620 75% 620 65% 620 1Second Home only available on 1 Unit BASIC PRODUCT PARAMETERS First time homebuyers not Max Debt-to-Income Appraisal waivers not Second appraisal required for permitted on investment ratio 50% permitted loan amounts \u003e$2,000,000 Feedback properties Minimum 12 months At least one borrower must utilize bank statements for Manufactured Homes not consecutive bank statements qualification permitted required Max cash out See Products Not Offered Job Aid for list of products not currently offered by UWM. $1,000,000 Temporary rate See Escrow Waiver Policy for buydowns not Cash Out proceeds can be used as reserves eligibility and state criteria available STATE REQUIREMENTS NOT PERMITTED IN WEST VIRGINIA OR FOR TEXAS 50(A)(6) https://thesource.uwm.com/search-guidelines/uwm-documents/secondary/bankstatementyellowmatrix 2/3 11/18/25, 12:10 PM Bank Statement 30 Year Fixed - Yellow Matrix **Please refer to the current UWM Overlay Sheet for detailed underwriting guidelines and documentation requirements. All borrowers on the loan must have a FICO score and must meet the FICO requirement.** DATE UPDATED: 6/19/2024 PROPRIETARY AND CONFIDENTIAL TO UWM - FOR USE BY UWM APPROVED PARTIES ONLY. NMLS #3038 Feedback https://thesource.uwm.com/search-guidelines/uwm-documents/secondary/bankstatementyellowmatrix 3/3 ",
    "ingested_at":  "2025-11-18 12:53:03"
}
