{
    "file":  "Bank Statement 30 Year Fixed - Orange Matrix.pdf",
    "base_name":  "Bank Statement 30 Year Fixed - Orange Matrix",
    "product_category":  "Unknown",
    "extracted_text":  "11/18/25, 12:10 PM Bank Statement 30 Year Fixed - Orange Matrix Bank Statement 30 Year Fixed - Orange Matrix 30 Year PURCHASE \u0026 RATE AND TERM REFINANCE PRIMARY SECOND HOME INVESTMENT Max Loan Units Max Min Max Min Max Min Size Feedback LTV/CLTV/HCLTV3 FICO LTV/CLTV/HCLTV3 FICO LTV/CLTV/HCLTV3 FICO 1-4 65% 740 Unit1 $3,500,000 60% 720 N/A N/A 60% 720 75% 720 $3,000,000 70% 700 70% 700 70% 700 80% 720 75% 700 75% 700 $2,500,000 75% 700 70% 680 70% 680 70% 660 65% 660 65% 660 $2,000,000 85% 740 80% 700 80% 700 https://thesource.uwm.com/search-guidelines/uwm-documents/secondary/bankstatementorangematrix 1/5 11/18/25, 12:10 PM Bank Statement 30 Year Fixed - Orange Matrix PURCHASE \u0026 RATE AND TERM REFINANCE 80% 700 75% 680 75% 680 75% 660 70% 660 70% 660 85% 700 80% 680 80% 680 $1,500,000 80% 680 75% 660 75% 660 75% 660 90%2 740 85% 700 85% 700 $1,000,000 85% 700 80% 660 80% 660 80% 660 Feedback 1Second Home only available on 1 Unit 22-4-Unit and Condo Max LTV 85% LTV 3Max LTV reduction of 5% is required when the subject property is in a declining market CASH OUT REFINANCE PRIMARY SECOND HOME INVESTMENT Max Loan Units Max Min Max Min Max Min Size LTV/CLTV/HCLTV2 FICO LTV/CLTV/HCLTV2 FICO LTV/CLTV/HCLTV2 FICO 1-4 65% 720 Unit1 $3,000,000 60% 700 60% 700 60% 700 $2,500,000 70% 720 65% 700 65% 700 https://thesource.uwm.com/search-guidelines/uwm-documents/secondary/bankstatementorangematrix 2/5 11/18/25, 12:10 PM Bank Statement 30 Year Fixed - Orange Matrix CASH OUT REFINANCE 65% 700 60% 680 75% 740 70% 700 70% 700 70% 700 65% 680 65% 680 $2,000,000 65% 680 60% 660 60% 660 60% 660 75% 700 75% 720 75% 720 $1,500,000 70% 660 70% 660 70% 660 Feedback 80% 740 N/A N/A N/A N/A $1,000,000 75% 700 75% 700 75% 700 70% 660 70% 660 70% 660 1Second Home only available on 1 Unit 2Max LTV reduction of 5% is required when the subject property is in a declining market BASIC PRODUCT PARAMETERS Minimum loan amount $100,000 At least one borrower must Minimum 12 months consecutive bank statements if LTV ≤ 80%, $150,000 if LTV \u003e utilize bank statements for required 80% qualification https://thesource.uwm.com/search-guidelines/uwm-documents/secondary/bankstatementorangematrix 3/5 11/18/25, 12:10 PM Bank Statement 30 Year Fixed - Orange Matrix BASIC PRODUCT PARAMETERS Second appraisal required for Appraisal waivers not permitted Manufactured Homes not permitted loan amounts \u003e$2,000,000 DTI \u003e50% requires minimum FICO of 700; Max LTV of Residual income requirements Max Debt-to-Income ratio 80%; Primary Residence only; First time homebuyers for DTI \u003e43% 55% ineligible; 1.5x residual income Minimum 6 months reserves required up to $1,000,000; Minimum 9 months reserves $1,000,001-$2,000,000; Minimum 12 months reserves $2,000,001 -$3,000,000. Cash Out proceeds may be used as reserves Borrowers with multiple (more than 1) financed properties require the stated reserve amount above plus an additional 2 months reserves for each financed property. The 2 months additional reserves are based on the PITI plus HOA fees of the other financed properties 1-0 and 2-1 Lender Paid and Seller Paid Temporary Feedback Additional restrictions apply for rural properties, Non-Occupying Buydowns offered on 30 Year Primary and Second Co-Borrowers, and Non-Permanent Resident Aliens Home Purchases Max cash out $750,000 for LTV See Escrow Waiver Policy for See Products Not Offered Job Aid for list of products \u003e60%, No Cash-out cap when eligibility and state criteria not currently offered by UWM. LTV ≤60% STATE REQUIREMENTS NOT PERMITTED IN WEST VIRGINIA OR FOR TEXAS 50(A)(6) **Please refer to the current UWM Overlay Sheet for detailed underwriting guidelines and documentation requirements. All borrowers on the loan must have a FICO score and must meet the FICO requirement.** https://thesource.uwm.com/search-guidelines/uwm-documents/secondary/bankstatementorangematrix 4/5 11/18/25, 12:10 PM Bank Statement 30 Year Fixed - Orange Matrix DATE UPDATED: 3/7/2024 PROPRIETARY AND CONFIDENTIAL TO UWM - FOR USE BY UWM APPROVED PARTIES ONLY. NMLS #3038 Feedback https://thesource.uwm.com/search-guidelines/uwm-documents/secondary/bankstatementorangematrix 5/5 ",
    "ingested_at":  "2025-11-18 12:53:02"
}
