{
    "file":  "Conventional ARM Matrix.pdf",
    "base_name":  "Conventional ARM Matrix",
    "product_category":  "Conventional",
    "extracted_text":  "11/16/25, 2:23 AM Conventional ARM Matrix Conventional ARM Matrix Applicable to all loans imported on or after November 5, 2025 5/6, 7/6 \u0026 10/6 SOFR ARM PURCHASE \u0026 RATE/TERM REFINANCE Feedback Occupancy PRIMARY SECOND HOME INVESTMENT Type LPA \u0026 LPA \u0026 LPA \u0026 LPA DU LPA DU LPA DU DU DU DU AUS Engine Max Min Max Min Min Max LTV/CLTV/HCLTV LTV/CLTV/HCLTV FICO LTV/CLTV/HCLTV FICO FICO 80% 80% 620 Purchase Purchase 1 Unit 95%¹ 95%¹ 620 90%¹ 90%¹ 620 80% 75% 620 Rate/Term Rate/Term 2 Units 95%¹ 95%¹ 620 N/A N/A N/A 75% 75% 620 https://thesource.uwm.com/search-guidelines/uwm-documents/secondary/conventionalarmmatrix 1/4 11/16/25, 2:23 AM Conventional ARM Matrix PURCHASE \u0026 RATE/TERM REFINANCE 3 to 4 Units 95%1 95%1 620 N/A N/A N/A 75% 75% 620 ¹ All loans over 80% LTV must refer to UWM\u0027s Mortgage Insurance Matrix CASH-OUT REFINANCE Occupancy PRIMARY SECOND HOME INVESTMENT Type LPA \u0026 LPA \u0026 LPA \u0026 LPA2 DU LPA DU LPA DU DU DU DU AUS Engine Feedback Max Max Max Min FICO Min FICO Min FICO LTV/CLTV/HCLTV LTV/CLTV/HCLTV LTV/CLTV/HCLTV 1 Unit 80% 80% 620 75% 75% 620 75% 75% 620 2 to 4 Units 75% 75% 620 N/A N/A N/A 70% 70% 620 2 Non-Occupying Co-Borrowers not permitted for Primary Cash Out transactions MI COVERAGE (See MI guidelines BASIC PRODUCT PARAMETERS for FICO requirements) Temporary Buydowns: Purchase - Lender and Seller Paid. R/T Refinance LTV 25 \u0026 30 Year - Lender (DU only) and Borrower Paid. Investments excluded https://thesource.uwm.com/search-guidelines/uwm-documents/secondary/conventionalarmmatrix 2/4 11/16/25, 2:23 AM Conventional ARM Matrix MI COVERAGE (See MI guidelines BASIC PRODUCT PARAMETERS for FICO requirements) See Escrow Waiver Policy for eligibility and state criteria 90.01 - 95% 30% Maximum loan amount is based on the conforming loan limit for the number of units and county 85.01 - 90% 25% For FICO under 640, BPMI Monthly MI and Lender-Paid MI are the only 80.01 - 85% 12% permitted MI See Products Not Offered Job Aid for list of products not currently offered by UWM Manufactured properties not permitted Feedback 5/6 ARMs qualify at the greater of Note Rate + 2% or the Fully Indexed Rate. 7/6 and 10/6 ARM qualifies at the Note Rate. 5/6 ARM caps: 2/1/5 | 7/6 and 10/6 ARM caps: 5/1/5. STATE REQUIREMENTS Texas 50(a)(6) is not permitted **Please refer to the current FNMA and FHLMC Selling Guides and UWM Overlay Sheet for detailed underwriting guidelines and documentation requirements. All borrowers on the loan must have a FICO score and must meet the FICO requirement.** DATE UPDATED: 11/4/2025 PROPRIETARY AND CONFIDENTIAL TO UWM - FOR USE BY UWM APPROVED PARTIES ONLY. NMLS #3038 https://thesource.uwm.com/search-guidelines/uwm-documents/secondary/conventionalarmmatrix 3/4 11/16/25, 2:23 AM Conventional ARM Matrix Feedback https://thesource.uwm.com/search-guidelines/uwm-documents/secondary/conventionalarmmatrix 4/4 ",
    "ingested_at":  "2025-11-18 12:53:03"
}
