{
    "file":  "Conventional Fixed Matrix 1.pdf",
    "base_name":  "Conventional Fixed Matrix 1",
    "product_category":  "Conventional",
    "extracted_text":  "Conventional Fixed Matrix 10, 15, 20, 25 and 30 Year Fixed Flex Term: 8 –30 Year Terms Available PURCHASE \u0026 RATE/TERM REFINANCE Occupancy PRIMARY SECOND HOME INVESTMENT Type LPA LPA LPA LPA DU \u0026 LPA DU \u0026 LPA DU \u0026 DU DU DU AUS Engine Max Min Max Min Min Max LTV/CLTV/HCLTV LTV/CLTV/HCLTV FICO LTV/CLTV/HCLTV FICO FICO 85%¹ 85%¹ 620 Purchase Purchase 1 Unit 95%¹ 97%1,2,3 620 90%¹ 90%¹ 620 85%¹ 75% 620 Rate/Term Rate/Term 1 Unit 95%¹ 95%¹ 620 85%¹ 90%¹ 620 N/A N/A N/A Manufactured 2 Units 85%¹ 95%¹ 620 N/A N/A N/A 75% 75% 620 3 to 4 Units 80% 95%1 620 N/A N/A N/A 75% 75% 620 ¹ All loans over 80% LTV must refer to UWM\u0027s Mortgage Insurance Matrix. ² Refinance only of existing Fannie Mae loans for LTV 95.01-97% �\" see Look Up Tool below Matrices. ³ For purchase 95.01-97% LTV at least one borrower must be a first-time homebuyer. 4 LPA Cash-out for manufactured properties are permitted on loan terms ≤ 20 years. CASH-OUT REFINANCE Occupancy Type PRIMARY SECOND HOME INVESTMENT LPA \u0026 LPA \u0026 LPA \u0026 LPA1 DU LPA DU LPA DU DU DU DU AUS Engine Max Min Max Min Max Min LTV/CLTV/HCLTV FICO LTV/CLTV/HCLTV FICO LTV/CLTV/HCLTV FICO 1 Unit 80% 80% 620 75% 75% 620 75% 75% 620 1 Unit 65% 65% 620 N/A N/A N/A N/A N/A N/A Manufactured 4 2 Units 75% 75% 620 N/A N/A N/A 70% 70% 620 3 to 4 Units 75% 75% 620 N/A N/A N/A 70% 70% 620 1Non-Occupying Co-Borrowers not permitted for Primary Cash Out transactions MAX LTV/ CLTV/HCLTV WITH AFFORDABLE SECOND (DU ONLY) Primary Residence Purchase / Rate \u0026 1 Unit Only Only Term Only Max LTV/ CLTV/HCLTV At least one borrower must be a first-time Manufactured homes and Co-ops not 97%/105%/105%1 homebuyer permitted Refinances with LTV/CLTV over 95% must be refinance of existing Fannie Mae Loan MI COVERAGE (See MI BASIC PRODUCT PARAMETERS guidelines for FICO requirements) Temporary Buydowns: Lender Paid, Seller Paid, and Agent Paid - Purchase only. Borrower Paid - R/T reﬁnance 10, only. Investments excluded. 25 \u0026 Manufactured 15 \u0026 LTV 30 Housing All Maximum loan amount is based on the conforming loan 20 Year Terms Year limit for the number of units and county. 97% LTV Reﬁnance Fannie Mae Loan Look up Tool . 95.01 - 35% 35% N/A CLTV and HCLTV are not to exceed the LTV on manufactured 97% properties. 90.01 See Escrow Waiver Policy for eligibility and state criteria. - 25% 30% 30% Only primary purchase or rate and term is permitted for 95% single-wide manufactured properties. 85.01 For FICO under 640, BPMI Monthly MI and Lender-Paid MI - 12% 25% 25% are the only permitted MI. 90% For manufactured properties, BPMI Monthly MI is the only 80.01 permitted MI. - 6% 12% 12% 85% See Products Not Offered Job Aid for list of products not currently offered by UWM. STATE Texas 50(a)(6) is not permitted, co-ops are only eligible in some areas of New REQUIREMENTS York listed in the UWM overlays . **Please refer to the current FNMA and FHLMC Selling Guides and UWM Overlay Sheet for detailed underwriting guidelines and documentation requirements. All borrowers on the loan must have a FICO score and must meet the FICO requirement.** DATE UPDATED: 4/23/2025 PROPRIETARY AND CONFIDENTIAL TO UWM - FOR USE BY UWM APPROVED PARTIES ONLY. NMLS #3038 ",
    "ingested_at":  "2025-11-18 12:53:03"
}
