{
    "file":  "Conventional Elite ARM Matrix.pdf",
    "base_name":  "Conventional Elite ARM Matrix",
    "product_category":  "Conventional",
    "extracted_text":  "11/16/25, 2:23 AM Conventional Elite ARM Matrix Conventional Elite ARM Matrix Applicable to all loans imported on or after November 5, 2025 5/6, 7/6 \u0026 10/6 SOFR ARM PURCHASE \u0026 RATE/TERM REFINANCE Feedback Occupancy PRIMARY SECOND HOME INVESTMENT Type LPA \u0026 LPA \u0026 LPA \u0026 LPA DU LPA DU LPA DU DU DU DU AUS Engine Max Min Max Min Min Max LTV/CLTV/HCLTV LTV/CLTV/HCLTV FICO LTV/CLTV/HCLTV FICO FICO 80% 80% 700 Purchase Purchase 1 Unit 80/95% 80/95% 700 80/90% 80/90% 700 80% 75% 700 Rate/Term Rate/Term 2 Units 80/85% 80/85% 700 N/A N/A N/A 75% 75% 700 https://thesource.uwm.com/search-guidelines/uwm-documents/secondary/conventionalelitearmmatrix 1/3 11/16/25, 2:23 AM Conventional Elite ARM Matrix PURCHASE \u0026 RATE/TERM REFINANCE 3 to 4 Units 80% 80% 700 N/A N/A N/A 75% 75% 700 CASH-OUT REFINANCE Occupancy PRIMARY SECOND HOME INVESTMENT Type LPA \u0026 LPA \u0026 LPA \u0026 LPA1 DU LPA DU LPA DU DU DU DU AUS Engine Max Max Max Min FICO Min FICO Min FICO LTV/CLTV/HCLTV LTV/CLTV/HCLTV LTV/CLTV/HCLTV Feedback 1 Unit 80% 80% 700 75% 75% 700 75% 75% 700 2 to 4 Units 75% 75% 700 N/A N/A N/A 70% 70% 700 1Non-Occupying Co-Borrowers not permitted for Primary Cash Out transactions BASIC PRODUCT PARAMETERS Temporary Buydowns: Purchase - Lender and Seller Paid. R/T Refinance - Lender (DU only) and Borrower Paid. Investments excluded See Escrow Waiver Policy for eligibility and state criteria Minimum loan amount of $125,000 and maximum loan amount are based on the conforming loan limit for the number of units and county https://thesource.uwm.com/search-guidelines/uwm-documents/secondary/conventionalelitearmmatrix 2/3 11/16/25, 2:23 AM Conventional Elite ARM Matrix BASIC PRODUCT PARAMETERS See Products Not Offered Job Aid for list of products not currently offered by UWM Manufactured properties not permitted 5/6 ARMs qualify at the greater of Note Rate + 2% or the Fully Indexed Rate. 7/6 and 10/6 ARM qualifies at the Note Rate. 5/6 ARM caps: 2/1/5 | 7/6 and 10/6 ARM caps: 5/1/5. STATE REQUIREMENTS Texas 50(a)(6) is not permitted. Feedback **Please refer to the current FNMA and FHLMC Selling Guides and UWM Overlay Sheet for detailed underwriting guidelines and documentation requirements. All borrowers on the loan must have a FICO score and must meet the FICO requirement.** DATE UPDATED: 11/4/2025 PROPRIETARY AND CONFIDENTIAL TO UWM - FOR USE BY UWM APPROVED PARTIES ONLY. NMLS #3038 https://thesource.uwm.com/search-guidelines/uwm-documents/secondary/conventionalelitearmmatrix 3/3 ",
    "ingested_at":  "2025-11-18 12:53:03"
}
