{
    "file":  "G-Pa-Matrix.pdf",
    "base_name":  "G-Pa-Matrix",
    "product_category":  "Unknown",
    "extracted_text":  " G-Pa Matrix Effective Date: 03.18.24 Updated 3.22.2024 12 Month I/O Stabilized- Min DSCR ≥ 1.10 2+1 (24 Month I/O) Min DSCR ≥1.10 FICO Loan Amount Reserves Purchase R/T Cash-Out FICO Loan Amount Reserves Purchase R/T Cash-Out $1,000,000 75% 65% 60% $1,500,000 75% 70% 65% 680 680 $1,500,000 70% 60% 55% $2,000,000 70% 65% 60% 6 Months 6 Months $1,000,000 70% 60% 55% $1,500,000 70% 65% 60% 650 650 $1,500,000 65% 55% 50% $2,000,000 65% 60% 55% **2+1 loans have an initial 24 month I/O term with one 12-month extension upon good history and standing with the payment and an additional 1.0% fee Property Restrictions Program Parameters Non-Warrantable Condo Not Allowed Minimum Loan Amount SFR/Condo $100,000 Condotel Not Allowed Minimum Loan Amount 2-4 Units $100,000 Assisted Living/ Nursing Homes Not Allowed $1,500,000 Maximum Loan Amount Rural Properties Not Allowed $3.5M w/exception Vacant Properties (Refinance only) 10% LTV Reduction Originations Charge 2 Points Origination Fee Geographic Restrictions 10% LTV Reduction Cities: Baltimore, MD, Hartford, CT, Houston, TX Borrower must have 3 previous transactions in that specific city Hawaii Borrower must have 3 previous transactions on the same island ** Baltimore, Philadelphia, and Chicago requires at least 1 borrower or guarantor (with min 10% interest) to have at least 3 documented real estate sales, completed rehab, on rental properties or equivalent experience in the past 3 years within that specific city to be eligible Quick Guidelines • Refinance Transactions 0x30x6 Mortgage History • 120+ lates must be \u003e24 months BK/FC/SS/DIL/MOD • \u003e36 Months – No Restriction • 12 Month I/O (DSCR 1.10+ required Terms • Qualifying Rate • Note Rate Qualifying Payment • I/O: Initial ITIA based on note rate Assets • Sourced or seasoned 30 days (1 mos most recent bank statements req.) Cash-Out • Business purpose use ONLY Impounds • Not Required Appraisal • No C5 or C6; 2 Appraisals \u003e$1.5MM; ARR/CDA req or CU risk score \u003e2.5 • SFR \u0026 Townhome 700 Sq FT Min Sq Footage • 2-4 Units 500 Sq Ft per Unit • Condo 500 Sq Ft G-Pa Matrix Effective Date: 03.18.24 Updated 3.22.2024 • Median FICO below 650 (the lower score shall be used in the event only two credit scores are obtained) Credit Score • Credit score and Primary Guarantor shall be used. • Minimum FICO is 650 Tradelines • No Minimum Tradelines required Compliance • Points \u0026 Fees man not exceed 5% Citizenship • US Citizen, Perm/ Non-Perm Res. Alien/ Foreign Nationals Foreign Nationals • Allowed by exception only Properties Acquired within last 2 years • Final HUD from purchase is required Seller Concessions • Max 6% Max Acreage • 2 Acres Max # if Financed Properties • Committee Review if over 4 Loan Amounts over $1,000,000 • A Certificate of Occupancy is required Gift Funds • Not Allowed Non-Arm’s Length Transactions • Not Allowed First Time Home Buyers • Eligible First Time Investor • Eligible ACH • Required on All transactions LLC’s • All members must be individual Declining Markets • Subject to LTV reduction and management review • 6 months of debt service (I/O) payments based on the max loan Reserves amount • 3 months additional for any REO in forbearance Prepayment Penalty • A 6 month prepay will only apply if there is an approved exception on the loan • PA- Loan amounts \u003c $301,022 cannot have a prepayment penalty • PA- Loan amounts \u003c $301,022 must be vested in a Corp, LLC, Partnership or Trust • IL - Loan with a rate ≥ 8% must close in the name of an entity • IL \u0026 NJ - Prepayment penalty not allowed if vesting as an individual Eligible States AL, AR, AZ, CA, CO, CT, DE, DC, FL, GA, HI, IA, ID, IL*, IN, KS, KY, LA, MA, MD, ME, MI, MN, MO, MS, MT, NC, , NE, NH, NM, NJ, NV, NY, OH, OK, OR, PA*, RI, SC, TN, TX, UT, VA, WA, WI, WV, WY G-Pa Matrix Effective Date: 03.18.24 Updated 3.22.2024 Declining Values MSA 1 MSA 2 MSA 3 Single Family: $80 K “As Is” and Single Family: $120 K “As Is” Single Family: $140 K Not Permitted \u003e$100 K “ARV” 2-4 Family: $40 K “As and \u003e$150 K “ARV” 2-4 “As Is” and \u003e$175 K Is” and $50 K peMSA1r unit ARV Family: $50 K “As Is” and $75 “ARV” 2-4 Family: $50 K per unit ARV K “As Is” and $87.5 K per unit ARV Los Angeles Atlanta Baltimore Alaska Memphis Cleveland Chicago/Gary North Dakota Miami New Haven Detroit/Flint South Dakota New Orleans New Jersey (All Other) Newark/ Paterson/ U.S. Territories Trenton Oakland Philadelphia Camden and Adjacent St. Louis Suburbs Property Condition Reviewers Level 1 Level 2 Project Feasibility, \u0026 Project Feasibility \u0026 Fund Control Fund Control CFSI Loan Management Partners ESI KOW Building Consultants Granite Land Gorilla Hillman Consulting Trinity AEI Consultants EMJ Construction (Tri-State, DC) ",
    "ingested_at":  "2025-11-18 12:53:03"
}
