{
    "file":  "G-Pa525-Matrix.pdf",
    "base_name":  "G-Pa525-Matrix",
    "product_category":  "Unknown",
    "extracted_text":  " Effective Date: 08.15.24 G-Pa525 Matrix posted on 9.3.24 12 \u0026 24 Month I/O Stabilized-1.10 DSCR Min 2+1 (24 Month I/O) Min DSCR ≥1.10 FICO Loan Amount Debt Yield Purchase R/T Cash-Out FICO Loan Amount Reserves Purchase R/T Cash-Out 680 $3,000,000 75% 70% 65% 680 $1,500,000 75% 70% 65% 6 Months 650 $3,000,000 See chart 70% 65% 60% 650 $1,500,000 70% 65% 60% below **2+1 loans have an initial 24 month I/O term with one 12-month extension upon 620 $3,000,000 65% 60% 55% good history and standing with the payment and an additional 1.0% fee Property Restrictions Program Parameters Per unit value of $50k-$40k -5% LTV Non-Perm Res Alien -5% LTV Per unit value \u003c $40k Not Allowed Minimum Loan Amount $250,000 Mixed Use Properties -5% LTV $3,000,000 Maximum Loan Amount Rural Properties Not Allowed Vacant Properties (\u003e 10% vacant of 10% LTV Reduction Originations Charge 2 Points Origination Fee gross potential rent) Property Type 5-25 units Quick Guidelines Mortgage History • 120+ lates must be \u003e24 months BK/FC/SS/DIL/MOD • \u003e36 Months – No Restriction • 12 Month I/O Terms • 24 Month IO w/ 1 year extension possible Qualifying Rate • Note Rate Qualifying Payment • I/O: Initial ITIA based on note rate Assets • Sourced or seasoned 30 days (1 mos most recent bank statements req.) Cash-Out • Business purpose use ONLY Impounds • Not Required • MAI/Narrative \u003e $1M \u0026 Mixed Use Appraisal • MAI/Narrative or 71A ≤ $1M • No C5 or C6 • CBRE Appraisal Vendors • Colliers • Cushman \u0026 Wakefield G-Pa525 Matrix Effective Date: 08.15.24 • Integra (IRR) • Newmark/JLL, • Bowery Valuation • Leitner Berman • Fred Beck \u0026 Assoc • Cornerstone • WH Heyden \u0026 Assoc Appraisal Review • All loans require a broker provided appraisal review from Situs AMC - https://www.situsamc.com/ • EDR Environmental Screen Assessment Vendors • Partners ESI • Salem Environmental • Partners ESI, Salem (Tri‐State) • AEI Consultants • CBRE (IVI) • GRS Group Phase 1 Assessment Vendors • Hillman Consulting • Velocity Consulting • KOW Building Consultants • EMJ Construction (Tri‐State, DC) Min Sq Footage • 500 Sq Ft per Unit • An Environmental Screen Assessment or a Phase 1 assessment performed by EDR, Partners ESI or Salem Environmental is required Inspections on loans \u003e $1M or if there are environmental concerns • Copy of the COO is required • 5-25 units Eligible Properties • 5-25 units w/ mixed use (70% residential) • Median FICO below 620 (the lower score shall be used in the event only two credit scores are obtained) Credit Score • All borrowers must have a minimum of 2 FICO scores • Minimum FICO is 620 Tradelines • No Minimum Tradelines required Compliance • Points \u0026 Fees man not exceed 5% Citizenship • US Citizen, Perm/ Non-Perm Res. Alien Foreign Nationals • Not allowed Properties Acquired within last 2 years • Final HUD from purchase is required Seller Concessions • Max 6% Max Acreage • 2 Acres G-Pa525 Matrix Effective Date: 08.15.24 Posted on 9.3.24 Max # if Financed Properties • Committee Review if over 4 Loan Amounts over $1,000,000 • A Certificate of Occupancy is required Gift Funds • Not Allowed Non-Arm’s Length Transactions • Not Allowed • Allowed First Time Home Buyers • Must be a local borrower with financial strength • Property should have a strong operating history with high occupancy in a good market • Allowed First Time Investor • Must be a local borrower with financial strength • Property should have a strong operating history with high occupancy in a good market ACH • Required on All transactions LLC’s • All members must be individual Declining Markets • Subject to LTV reduction and management review State Restrictions • Properties in Alaska, North Dakota and South Dakota are not permitted • 6 months of debt service (I/O) payments based on the max loan Reserves amount • 3 months additional for any REO in forbearance Prepayment Penalty • A 6 month prepay will only apply if there is an approved exception on the loan • PA- Loan amounts \u003c $301,022 cannot have a prepayment penalty • PA- Loan amounts \u003c $301,022 must be vested in a Corp, LLC, Partnership or Trust • IL - Loan with a rate ≥ 8% must close in the name of an entity • IL \u0026 NJ - Prepayment penalty not allowed if vesting as an individual Eligible States AL, AR, AZ, CA, CO, CT, DE, DC, FL, GA, HI, IA, ID, IL*, IN, KS, KY, LA, MA, MD, ME, MI, MN, MO, MS, MT, NC, , NE, NH, NM, NJ, NV, NY, OH, OK, OR, PA*, RI, SC, TN, TX, UT, VA, WA, WI, WV, WY Net Cash Flow \u0026 Debt Yield Determining a sustainable and reasonable Underwritten Net Cashflow (NCF) is a critical component in determining loan risk when evaluating multifamily and mixed‐use properties. A property’s NCF will be used in the Debt Yield calculation • Net Cash Flow = o Gross Potential Revenues (GPR) o Less Operating Expenses and Vacancy (% of GPR) o Less Property Taxes Greater of current annual property taxes or appraiser confirmed o Less Insurance Property insurance premiums based on the in‐place policy at loan o Less Replacement Reserves • The Debt Yield = o Net Cashflow divided by the Maximum Loan Amount G-Pa525 Matrix Effective Date: 08.15.24 Operating Expense/Vacancy and Debt Yield Table ARV per unit (Rehab Loans) or As‐Is Value Per Unit (Stabilized) Operating Exp Debt Yield Min Max % % $30,000 $99,999 35% 10% $100,000 $250,000 25% 9.50% $250,000 15% 9% ",
    "ingested_at":  "2025-11-18 12:53:04"
}
