{
    "file":  "HELOC (Standalone) - Yellow Matrix.pdf",
    "base_name":  "HELOC (Standalone) - Yellow Matrix",
    "product_category":  "Unknown",
    "extracted_text":  "2/8/24, 3:12 PM HELOC (Standalone) - Yellow Matrix HELOC (Standalone) - Yellow Matrix 20 and 30 Year (3 and 5 Year Draw, 10 Year Interest-Only, 10 or 20 Year Amortization Period) PRIMARY AND SECOND HOME ONLY Units Max Loan Size Max DTI Min FICO Max CLTV/HCLTV Feedback 740 85% 720 80% 1-4 Unit/Condo1 $350,000 50% 680 75% 660 70% 640 60% 1 2-4 units only eligible on primary residence INVESTMENT Units Max Loan Size Max DTI Min FICO Max CLTV/HCLTV https://thesource.uwm.com/Search-Guidelines/UWM-Documents/Secondary/HELOC-Standalone---Yellow-Matrix 1/3 2/8/24, 3:12 PM HELOC (Standalone) - Yellow Matrix INVESTMENT 740 75% 720 70% 1-4 Unit/Condo $350,000 50% 680 65% 660 60% 640 50% BASIC PRODUCT PARAMETERS Feedback Manual Underwrite, reference UWM\u0027s Manufactured home and co-ops not permitted (for full list of 2nd Lien Positions Only Underwriting Guidelines ineligible properties, see underwriting guidelines) Temporary buydowns 90 Day draw lock-out period after Minimum line amount of Minimum draw required of 75% of not available closing $25,000 the line amount For line amounts ≤ $250,000, an approved AVM, Broker Price Opinion, desktop appraisal, exterior-only appraisal, or full appraisal is required as the first property valuation. Line amounts \u003e $250,000 require a full appraisal as the first property valuation. Qualifying Rate = Index See Escrow Waiver Policy for eligibility See Products Not Offered Job Aid for list of products not currently + Margin + 2% and state criteria offered by UWM. https://thesource.uwm.com/Search-Guidelines/UWM-Documents/Secondary/HELOC-Standalone---Yellow-Matrix 2/3 2/8/24, 3:12 PM HELOC (Standalone) - Yellow Matrix STATE Must meet state licensing requirements. Texas, Vermont, and Iowa loans are not REQUIREMENTS permitted. **Please refer to the current UWM Overlay Sheet for detailed underwriting guidelines and documentation requirements. All borrowers on loan file must meet FICO requirement ** DATE UPDATED: 12/27/2023 PROPRIETARY AND CONFIDENTIAL TO UWM - FOR USE BY UWM APPROVED PARTIES ONLY. NMLS #3038 Back to Top Feedback https://thesource.uwm.com/Search-Guidelines/UWM-Documents/Secondary/HELOC-Standalone---Yellow-Matrix 3/3 ",
    "ingested_at":  "2025-11-18 12:53:04"
}
