{
    "file":  "Home Possible� High-Balance Matrix.pdf",
    "base_name":  "Home Possible� High-Balance Matrix",
    "product_category":  "Unknown",
    "extracted_text":  "11/18/25, 12:04 PM Home Possible® High-Balance Matrix Home Possible® High-Balance Matrix 30 Year Fixed PURCHASE \u0026 RATE/TERM REFINANCE Loan Amount Refinance Property Max LTV/ Min Feedback Occupancy Type CLTV/HCLTV FICO Cash- Minimum Maximum Rate/Term Out 1 Unit 95%/95%/95%¹ $1 over County Loan Limited Not 2 Units 85%/85%/85%¹ 620 Conforming Loan Primary Limit Cash-Out Eligible Limit 3-4 Units 80%/80%/80% ¹All loans over 80% LTV must refer to UWM\u0027s Mortgage Insurance Matrix MAX LTV/ CLTV/HCLTV WITH AFFORDABLE SECOND Property Type Max LTV/ CLTV/HCLTV https://thesource.uwm.com/search-guidelines/uwm-documents/secondary/homepossiblehighbalancematrix 1/4 11/18/25, 12:04 PM Home Possible® High-Balance Matrix MAX LTV/ CLTV/HCLTV WITH AFFORDABLE SECOND 1 Unit 97%/105%/105%1 2 Units 85%/85%/85%1 3-4 Units 80%/80%/80% MI COVERAGE (See MI guidelines for FICO requirements) LTV 1-4 Units Manufactured Housing 95.01-97% 25% N/A Feedback 90.01-95% 25% 25% 85.01-90% 25% 25% 80.01-85% 12% 12% BASIC PRODUCT PARAMETERS Qualifying Income 80% of area median income (AMI) Only Borrower-Paid Monthly/Single Premium and Lender-Paid mortgage insurance options are available. Mortgage Insurance For FICO under 640, BPMI Monthly MI and Lender-Paid MI are the only permitted MI. https://thesource.uwm.com/search-guidelines/uwm-documents/secondary/homepossiblehighbalancematrix 2/4 11/18/25, 12:04 PM Home Possible® High-Balance Matrix BASIC PRODUCT PARAMETERS No requirement to be a first-time homebuyer. However, If all occupying borrowers are first-time homebuyers (defined as no interest in any property in the last 3 years), First-Time Home Buyer Counseling is required from Homebuyer one of the following: 1) Homebuyer Education Courses offered at no cost by UWM, 2) an online homeownership Counseling education program developed by mortgage insurance companies, 3) Homeownership education programs that meet the National Industry Standards for Homeownership Education and Counseling, or 4) programs using Freddie\u0027s CreditSmart (provided Modules 1, 2, 7, 11, and 12 are included). Eligible Properties Home Possible® High Balance allows 1-4 units | Manufactured Homes are not permitted. Temporary Temporary Buydowns: Lender Paid, Seller Paid, and Agent Paid - 1 Unit purchase only. Borrower Paid - 1-2 Unit R/T Buydowns refinance only. Not available on manufactured homes. State Texas 50(a)(6) is not permitted. Requirements Feedback Affordable Home Possible® Income \u0026 Property Eligibility Lookup Tool Income \u0026 Property Eligibility Census Tract Look-up Tool County Loan Limit County Loan Limit Lookup Escrow Waivers See Escrow Waiver Policy for eligibility and state criteria. Products Not See Products Not Offered Job Aid for list of products not currently offered by UWM. Offered **Please refer to the current FNMA and FHLMC Selling Guides and UWM Overlay Sheet for detailed underwriting guidelines and documentation requirements. All borrowers on the loan must have a FICO score and must meet the FICO requirement.** https://thesource.uwm.com/search-guidelines/uwm-documents/secondary/homepossiblehighbalancematrix 3/4 11/18/25, 12:04 PM Home Possible® High-Balance Matrix DATE UPDATED: 4/23/2025 PROPRIETARY AND CONFIDENTIAL TO UWM - FOR USE BY UWM APPROVED PARTIES ONLY. NMLS #3038 Feedback https://thesource.uwm.com/search-guidelines/uwm-documents/secondary/homepossiblehighbalancematrix 4/4 ",
    "ingested_at":  "2025-11-18 12:53:04"
}
