{
    "file":  "Home Possible� Matrix For Imports Before August 13, 2025.pdf",
    "base_name":  "Home Possible� Matrix For Imports Before August 13, 2025",
    "product_category":  "Unknown",
    "extracted_text":  "11/18/25, 12:05 PM Home Possible® Matrix For Imports Before August 13, 2025 Home Possible® Matrix For Imports Before August 13, 2025 30 Year Fixed Applicable to all loans imported on or before August 12, 2025 PURCHASE \u0026 RATE/TERM REFINANCE Refinance Property Type Max LTV/CLTV/ HCLTV Min FICO Max Loan Amount Occupancy Rate/Term Cash-Out 1 Unit 97%1 Conforming Loan Limit 1 Unit Manufactured 95%1 620 Primary Limited Cash-Out Not Eligible (No High Balance) 2-4 Units 95%1 1 All loans over 80% LTV must refer to UWM\u0027s Mortgage Insurance Matrix. Feedback MAX LTV/ CLTV/HCLTV WITH AFFORDABLE SECOND Property Type Max LTV/CLTV/ HCLTV 1 Unit 97%/105%/105%1 1 Unit Manufactured 95%1 2-4 Units 95%/105%/105%1 https://thesource.uwm.com/search-guidelines/uwm-documents/secondary/homepossiblematrixforimportsbeforeaugust132025 1/3 11/18/25, 12:05 PM Home Possible® Matrix For Imports Before August 13, 2025 MI COVERAGE (See MI guidelines for FICO requirements) LTV 1-4 Units Manufactured Housing 95.01 - 97% 25% N/A 90.01 - 95% 25% 25% 85.01 - 90% 25% 25% 80.01 - 85% 12% 12% BASIC PRODUCT PARAMETERS Qualifying Income 80% of area median income (AMI) Only Borrower Paid Monthly / Single Premium and Lender Paid mortgage insurance options are available Mortgage Insurance For FICO under 640 BPMI Monthly MI and Lender Paid MI are the only permitted MI Escrow Waivers See Escrow Waiver Policy for eligibility and state criteria No requirement to be a first time homebuyer. However, if all occupying borrowers are first time homebuyers (defined as no interest in any property in the last 3 years), First Time Homebuyer Home Buyer Counseling is required from one of the following:1) Homebuyer education courses offered at no cost by UWM, 2) an online homeownership education program Counseling developed by mortgage insurance companies, 3) homeownership education programs that meet the National Industry Standards for Homeownership Education and Counseling, Feedback or 4) programs using Freddie\u0027s CreditSmart (provided Modules 1, 2, 7, 11, and 12 are included) Temporary Temporary Buydowns: Lender Paid, Seller Paid, and Agent Paid - 1 unit purchase only. Borrower Paid - 1-2 Unit R/T refinance only. Not available on manufactured homes. Buydowns Non-Occupant Permitted for 1 Unit only and limited to 95% LTV. A CLTV up to 105% is permitted with Affordable Second Co-Borrowers Manufactured CLTV and HCLTV are not to exceed the LTV Homes For manufactured properties, BPMI Monthly MI is the only permitted MI State Requirements Texas 50(a)(6) is not permitted Affordable Income \u0026 Home Possible® Income \u0026 Property Eligibility Lookup Tool Property Eligibility https://thesource.uwm.com/search-guidelines/uwm-documents/secondary/homepossiblematrixforimportsbeforeaugust132025 2/3 11/18/25, 12:05 PM Home Possible® Matrix For Imports Before August 13, 2025 BASIC PRODUCT PARAMETERS Census Tract Look-up Tool Products Not Offered See Products Not Offered Job Aid for list of products not currently offered by UWM. By UWM: **Please refer to the current FNMA and FHLMC Selling Guides and UWM Overlay Sheet for detailed underwriting guidelines and documentation requirements. All borrowers on the loan must have a FICO score and must meet the FICO requirement.** DATE UPDATED: 8/13/2025 PROPRIETARY AND CONFIDENTIAL TO UWM - FOR USE BY UWM APPROVED PARTIES ONLY. NMLS #3038 Feedback https://thesource.uwm.com/search-guidelines/uwm-documents/secondary/homepossiblematrixforimportsbeforeaugust132025 3/3 ",
    "ingested_at":  "2025-11-18 12:53:04"
}
