{
    "file":  "HomeOne Matrix For Imports Before April 23, 2025.pdf",
    "base_name":  "HomeOne Matrix For Imports Before April 23, 2025",
    "product_category":  "Unknown",
    "extracted_text":  "11/18/25, 12:05 PM HomeOne Matrix For Imports Before April 23, 2025 HomeOne Matrix For Imports Before April 23, 2025 Applicable to all loans imported on or before April 22, 2025 30 Year Fixed Feedback Primary Residence Only Purchase1 Rate and Term Occupancy Type Max Max Max Minimum Max Max Max Minimum LTV CLTV HCLTV FICO LTV CLTV HCLTV FICO 1 Unit 97%2,3 105%4,3 97% 620 97%2,3 105%4,3 97% 620 1 Unit 95%2 95% 95% 620 95%2 95%2 95%2 620 Manufactured 1At least one borrower must be a first-time homebuyer. 2All loans over 80% LTV must refer to UWM\u0027s Mortgage Insurance Matrix. 3Loans over 95% LTV must be owned or securitized by Freddie Mac. Loans with CLTV over 95% must be owned or securitized by Freddie Mac https://thesource.uwm.com/search-guidelines/uwm-documents/secondary/homeonematrixforimportsbeforeapril232025 1/3 11/18/25, 12:05 PM HomeOne Matrix For Imports Before April 23, 2025 unless the secondary financing is an Affordable Seconds.® 4Secondary financing to 105% CLTV allowed on Affordable Seconds only. BASIC PRODUCT PARAMETERS MI COVERAGE If all borrowers are first-time homebuyers (defined as no interest in any property in the last 3 years), First-Time Home Buyer Counseling is required from one of the following: 1) an online homeownership education program developed by mortgage Borrower-Paid and Lender- Paid insurance companies, 2) homeownership education program that meets the Only requirements of the National Industry Standards for Homeownership Education and Counseling, or 3) programs using Freddie\u0027s CreditSmart (provided Modules 1, 2, 7, 11 and 12 are included.) 30 Manufactured LTV Temporary Buydowns: Lender Paid and Seller Paid - Purchase only. Borrower Paid - 1- Year Housing Feedback 2 Unit R/T refinance only. Not available on manufactured homes. 95.01- 35% N/A 97% See Escrow Waiver Policy for eligibility and state criteria 90.01- CLTV and HCLTV are not to exceed the LTV on manufactured properties. 30% 30% 95% Only primary purchase or rate and term is permitted for single-wide manufactured 85.01- 25% 25% properties. 90% For manufactured properties, BPMI Monthly MI is the only permitted MI. 80.01- 12% 12% 85% Freddie Mac\u0027s Loan Look-up Tool See Products Not Offered Job Aid for list of products not currently offered by UWM. https://thesource.uwm.com/search-guidelines/uwm-documents/secondary/homeonematrixforimportsbeforeapril232025 2/3 11/18/25, 12:05 PM HomeOne Matrix For Imports Before April 23, 2025 STATE REQUIREMENTS Texas 50(a)(6) is not permitted. **Please refer to the current FNMA and FHLMC Selling Guides and UWM Overlay Sheet for detailed underwriting guidelines and documentation requirements. All borrowers on the loan must have a FICO score and must meet the FICO requirement.** DATE UPDATED: 12/11/2024 PROPRIETARY AND CONFIDENTIAL TO UWM - FOR USE BY UWM APPROVED PARTIES ONLY. NMLS #3038 Feedback https://thesource.uwm.com/search-guidelines/uwm-documents/secondary/homeonematrixforimportsbeforeapril232025 3/3 ",
    "ingested_at":  "2025-11-18 12:53:04"
}
