{
    "file":  "Investor Flex (DSCR) 30 Year Fixed - Orange Matrix.pdf",
    "base_name":  "Investor Flex (DSCR) 30 Year Fixed - Orange Matrix",
    "product_category":  "DSCR / Non-QM",
    "extracted_text":  "11/18/25, 12:12 PM Investor Flex (DSCR) 30 Year Fixed - Orange Matrix Investor Flex (DSCR) 30 Year Fixed - Orange Matrix Investment Only PURCHASE \u0026 RATE AND TERM REFINANCE Months of Units Max Loan Size DSCR Max LTV/CLTV/HCLTV1 Min FICO Reserves 1-4 Unit 75% 720 Loan 70% 700 amounts ≥ 1.00 ≤$500,000: 65% 680 3 months $2,000,000 60% 660 Feedback ≥ 0.75 65% 700 ≥ 0.00 65% 740 Loan amounts 75% 700 \u003e$500,000: ≥ 1.00 70% 680 6 months 65% 660 $1,500,000 ≥ 0.75 70% 700 70% 740 ≥ 0.00 65% 700 $1,000,000 ≥ 1.00 80%2 720 https://thesource.uwm.com/search-guidelines/uwm-documents/secondary/investorflexfixedorangematrix 1/4 11/18/25, 12:12 PM Investor Flex (DSCR) 30 Year Fixed - Orange Matrix PURCHASE \u0026 RATE AND TERM REFINANCE 75% 680 70% 660 75% 700 ≥ 0.75 70% 680 75% 740 70% 720 ≥ 0.00 700 65% 6803 60% 660 1Max LTV reduction of 5% is required when the subject property is in a declining market. 2Max LTV of 75% for 2-4 unit and Condos. 3Available for Purchases Only. CASH-OUT REFINANCE Feedback Months of Units Max Loan Size DSCR Max LTV/CLTV/HCLTV1 Min FICO Reserves 1-4 Unit ≥ 1.00 60% 700 $2,000,000 Loan ≥ 0.00 60% 740 amounts ≤$500,000: 70% 700 3 months ≥ 1.00 60% 660 $1,500,000 ≥ 0.75 65% 700 ≥ 0.00 60% 700 Loan amounts $1,000,000 ≥ 1.00 75% 720 \u003e$500,000: 6 months 70% 700 https://thesource.uwm.com/search-guidelines/uwm-documents/secondary/investorflexfixedorangematrix 2/4 11/18/25, 12:12 PM Investor Flex (DSCR) 30 Year Fixed - Orange Matrix CASH-OUT REFINANCE 65% 660 70% 720 ≥ 0.75 65% 700 65% 740 ≥ 0.00 60% 660 1Max LTV reduction of 5% is required when the subject property is in a declining market FIRST-TIME INVESTORS Minimum FICO 700 Minimum DSCR 1.00 Feedback BASIC PRODUCT PARAMETERS 10% Max LTV reduction for unleased Loan must be deemed a business purpose loan and be exempt from the Minimum loan amount $75,000 properties on Refinance ATR and QM transactions Cash Out proceeds can be used as LTV \u003e60% Cash Out proceeds Prepayment Penalties: 3/2/1; 2/1; Prepayment Penalties by state as reserves limited to $500,000 1/1 permissible by law First time homebuyers not No appraisal waivers allowed Manufactured Homes not permitted permitted Non-Permanent Resident Alien: Temporary buydowns not permitted See Escrow Waiver Policy for eligibility and state criteria Max 75% LTV/CLTV, No Cash-Out https://thesource.uwm.com/search-guidelines/uwm-documents/secondary/investorflexfixedorangematrix 3/4 11/18/25, 12:12 PM Investor Flex (DSCR) 30 Year Fixed - Orange Matrix STATE REQUIREMENTS Not permitted in West Virginia DATE UPDATED: 6/6/2025 PROPRIETARY AND CONFIDENTIAL TO UWM - FOR USE BY UWM APPROVED PARTIES ONLY. NMLS #3038 Feedback https://thesource.uwm.com/search-guidelines/uwm-documents/secondary/investorflexfixedorangematrix 4/4 ",
    "ingested_at":  "2025-11-18 12:53:04"
}
