{
    "file":  "Investor Flex (DSCR) 30 Year Fixed - Yellow Matrix.pdf",
    "base_name":  "Investor Flex (DSCR) 30 Year Fixed - Yellow Matrix",
    "product_category":  "DSCR / Non-QM",
    "extracted_text":  "11/18/25, 12:13 PM Investor Flex (DSCR) 30 Year Fixed - Yellow Matrix Investor Flex (DSCR) 30 Year Fixed - Yellow Matrix The matrix below is applicable for loans submitted to UWM on or after May 8, 2024. Investment Only Feedback PURCHASE \u0026 RATE AND TERM REFINANCE Months Max Units Max Loan Size DSCR Min FICO of LTV/CLTV/HCLTV Reserves $2,000,000 ≥ 1.00 80% 680 6 ≥ 1.00 75% 640 6 1-4 Unit $1,500,000 \u003c 1.00 70% 680 6 $1,000,000 \u003c 1.00 65% 640 6 https://thesource.uwm.com/search-guidelines/uwm-documents/secondary/investorflexfixedyellowmatrixonoraftermay82024 1/3 11/18/25, 12:13 PM Investor Flex (DSCR) 30 Year Fixed - Yellow Matrix CASH-OUT REFINANCE Months Max Units Max Loan Size DSCR Min FICO of LTV/CLTV/HCLTV Reserves $2,000,000 ≥ 1.00 75% 680 6 ≥ 1.00 70% 640 6 1-4 Unit $1,500,000 \u003c 1.00 65% 680 6 $1,000,000 \u003c 1.00 60% 660 6 Feedback BASIC PRODUCT PARAMETERS No appraisal waivers allowed Pricing will be affected when using less than 12 months of reserves Cash Out Cash Out proceeds are proceeds can be First time homebuyers not permitted limited to $1,000,000 used as reserves Manufactured Prepayment Penalties Homes are not Prepayment Penalties: 3/2/1; 2/1; 1/1 by state as permissible permitted by law https://thesource.uwm.com/search-guidelines/uwm-documents/secondary/investorflexfixedyellowmatrixonoraftermay82024 2/3 11/18/25, 12:13 PM Investor Flex (DSCR) 30 Year Fixed - Yellow Matrix BASIC PRODUCT PARAMETERS Temporary See Escrow Waiver Loan must be deemed business purpose loans and be exempt from the buydowns not Policy for eligibility and ATR and QM available state criteria STATE REQUIREMENTS Not permitted in West Virginia **Please refer to the current Investor Flex Guidelines for detailed underwriting guidelines, reserves, and documentation requirements. Feedback All borrowers on the loan must have a FICO score and must meet the FICO requirement. ** DATE UPDATED: 9/9/2024 PROPRIETARY AND CONFIDENTIAL TO UWM - FOR USE BY UWM APPROVED PARTIES ONLY. NMLS #3038 Back to Top https://thesource.uwm.com/search-guidelines/uwm-documents/secondary/investorflexfixedyellowmatrixonoraftermay82024 3/3 ",
    "ingested_at":  "2025-11-18 12:53:04"
}
