{
    "file":  "Investor Flex (DSCR) 30 Year Fixed - Pink Matrix.pdf",
    "base_name":  "Investor Flex (DSCR) 30 Year Fixed - Pink Matrix",
    "product_category":  "DSCR / Non-QM",
    "extracted_text":  "11/18/25, 12:13 PM Investor Flex (DSCR) 30 Year Fixed - Pink Matrix Investor Flex (DSCR) 30 Year Fixed - Pink Matrix Investment Only PURCHASE \u0026 RATE AND TERM REFINANCE Feedback Months Max Units Max Loan Size DSCR Min FICO of LTV/CLTV/HCLTV Reserves 80% 700 3 ≥ 1.00 1-4 Unit $3,000,000 75% 680 3 ≥ 1.20 70% 660 3 CASH-OUT REFINANCE Units Max Loan Size DSCR Max Min FICO Months LTV/CLTV/HCLTV of Reserves https://thesource.uwm.com/search-guidelines/uwm-documents/secondary/investorflexfixedpinkmatrix 1/3 11/18/25, 12:13 PM Investor Flex (DSCR) 30 Year Fixed - Pink Matrix CASH-OUT REFINANCE 75% 700 3 1-4 Unit $2,500,000 ≥ 1.00 70% 680 3 BASIC PRODUCT PARAMETERS Minimum loan No appraisal waivers Cash out proceeds can Cash Out proceeds amount $50,000 allowed be used as reserves limited to $500,000 Feedback First time Manufactured Homes Loan must be deemed a business purpose loan and be exempt from the homebuyers not not permitted ATR and QM permitted Temporary Prepayment Penalties See Escrow Waiver buydowns not Prepayment Penalties: 3/2/1; 2/1; 1/1 by state as permissible Policy for eligibility and available by law state criteria STATE REQUIREMENTS Not permitted in West Virginia https://thesource.uwm.com/search-guidelines/uwm-documents/secondary/investorflexfixedpinkmatrix 2/3 11/18/25, 12:13 PM Investor Flex (DSCR) 30 Year Fixed - Pink Matrix **Please refer to the current Investor Flex Guidelines for detailed underwriting guidelines, reserves, and documentation requirements. All borrowers on the loan must have a FICO score and must meet the FICO requirement. ** DATE UPDATED: 7/31/2024 PROPRIETARY AND CONFIDENTIAL TO UWM - FOR USE BY UWM APPROVED PARTIES ONLY. NMLS #3038 Back to Top Feedback https://thesource.uwm.com/search-guidelines/uwm-documents/secondary/investorflexfixedpinkmatrix 3/3 ",
    "ingested_at":  "2025-11-18 12:53:04"
}
