{
    "file":  "ITIN-Mortgage-Matrix.pdf",
    "base_name":  "ITIN-Mortgage-Matrix",
    "product_category":  "Unknown",
    "extracted_text":  "8 theITIN Matrix Effective Date: 10.23.23 Owner Occupied Loan Amount Max DTI FICO CLTV 740 80% 720 75% $125,000 - $1,000,000 45/50% 700 70% 680 65% 740 75% 720 75% $1,000,001 - $1,500,000 45/50% 700 70% 680 65% Guidelines • FNMA Form 1004, 1073 with interior/exterior inspection. Appraisal Requirements • Fannie SSR \u003c 2.5 • CDA required if CU score is ≥ 2.5 Assets • As per guidelines • 48 months - Foreclosure, short-sale, deed in lieu, bankruptcy. No multiple events in last 7 years. Credit Event Seasoning • Max LTV 75% when a credit event is present regardless of seasoning • Lowest of 2 scores, middle of 3 scores. Qualifying score is lowest of all borrowers. Credit Score • Non-traditional credit ineligible. • In balance o -5% if under 3 months marketing time o -10% if ≥ 3 months marketing time Declining Markets - \u003e 65% LTV • Shortage o -5% if ≤ 6 months marketing time • Oversupply o -10% if \u003e 6 months marketing time • Judgements, Garnishments and Liens: o The borrower is required to pay-off all open judgements, garnishments, and liens (including mechanics liens or material men’s liens) prior to the loan closing. • Collection Accounts and Charge-offs do not have to be paid in full if the following applies: Derogatory Credit o Collections and charge-offs \u003c 24 months old with a maximum cumulative balance of $2,000 o Collections and charge-offs ≥ 24 months old with a maximum of $2,500 per occurrence o Collections and charge-offs that have passed beyond the statute of limitation for that state (supporting documentation required) 19 o All medical collections o Exception: IRS repayment plans with 3 months history of payments may remain unpaid. • All Past Due Accounts must be brought current regardless of the type of account • 50% Max LTV 75% DTI • 45% no LTV restriction Eligible Borrowers • Permanent and Non-permanent Resident Aliens, DACA Geographic Restrictions • Allowed wherever HEM is licensed • 1x30x12 on all mortgages for all borrowers. Housing Lates • Minimum 12-month housing history required • Minimum 6 months reserves after closing. No Housing History • 10% minimum borrower contribution. • VOR/VOM must be obtained for all month’s available reflecting paid as agreed. 8 theITIN Matrix Effective Date: 10.23.23 • Properties owned free and clear are considered 0x30 for grading purposes. • Borrowers who own their primary residence free and clear for a minimum of 12 months are acceptable. • Borrowers living rent free with a spouse are acceptable with rent-free letter and evidence of spouse’s mortgage. Ineligible Borrowers • Vesting is not permitted to be in the name of an LLC, Corporation or Partnership Occupancy • Primary residence only • SFR • PUD • Condo-Warrantable Property Type • Condo-Non-warrantable max 75% LTV • Modular • 2-4 Units • Purchase Purpose • R/T Refinance Qualifying Payment • Qualifying ratios based on Full Note Rate Recently Listed Properties • Property must be removed from listing for at least six months prior to application. • Loan Amount \u003c $1M – 3 months Reserves • Loan Amount ≥ $1M – 6 months Residual Income • $1,500 Seasoning • Non-first loans being paid off must be seasoned for \u003e 12 months • Full Am: 30 year Terms Available • ARM: 5/6 \u0026 7/6 Title Report • Standard or Short ALTA - Lenders Policy is acceptable • All borrowers should have an established credit history that is partially based on tradeline history. Tradeline Requirement • Only the Primary Wage Earner is required to meet the minimum tradeline requirements and will have open and active tradelines that meet the following requirements: o 3 tradelines reporting for 12+ months or 2 tradelines reporting for 24+ months all with activity in the last 12 months. Vesting • Vesting as an individual or Living Trusts only Documentation Options • Standard Fannie Mae Documentation Full Doc – 1 \u0026 2 years • Alternative Loan Review Form (Exhibit F) or DU Approve/Ineligible finding is required. • Bank Statement o 12 or 24 months o Personal or business o Less than 2 years S/E allowed Alt Doc – Bank Statement/1099 • 1099 o 2-year 1009 only o 1 year OK if converted from w-2 and in the same line of work o VOE with YTD required o 2 mos. BK statements for proof of receipt ",
    "ingested_at":  "2025-11-18 12:53:05"
}
