{
    "file":  "Jumbo 15 Year Fixed Matrix - White.pdf",
    "base_name":  "Jumbo 15 Year Fixed Matrix - White",
    "product_category":  "Jumbo",
    "extracted_text":  "Jumbo 15 Year Fixed Matrix - White PURCHASE AND RATE/TERM PRIMARY Units Max Loan Size Max CLTV Min FICO Max DTI $1,000,000 70% 700 40% 1 Unit/Condo $2,000,000 80% 720 45% $3,000,000 80% 740 45% CASH OUT REFINANCE PRIMARY1 Units Max Loan Size Max CLTV Min FICO Max DTI $1,000,000 65% 720 45% 1 Unit/Condo $2,000,000 65% 740 45% $3,000,000 65% 760 45% 1Non-Occupying Co-Borrowers not permitted for LPA Primary Cash Out transactions BASIC PRODUCT PARAMETERS Owner- Appraisal occupied, DU Approve Ineligible feedback / Minimum loan amount of Waivers not primary LPA Accept Ineligible Feedback for $600,000. Max loan permitted residences loan amount only amount $3,000,000 only Temporary First-Time Homebuyers: Max Loan See Escrow Waiver Policy Buydowns Max Cash Out Amount of $1,250,000 and Min for eligibility and state Not of $500,000 FICO of 740 criteria Permitted For properties located within a declining market, maximum LTV/CLTV will be reduced by 10% STATE REQUIREMENTS Texas 50(a)(6) is not permitted ** Please refer to current UWM Product Guidelines for detailed underwriting guidelines and documentation requirements. All borrowers on the loan must have a FICO score and must meet the FICO requirement. ** DATE UPDATED: 2/1/2024 PROPRIETARY AND CONFIDENTIAL TO UWM - FOR USE BY UWM APPROVED PARTIES ONLY. NMLS #3038 ",
    "ingested_at":  "2025-11-18 12:53:05"
}
