{
    "file":  "Jumbo 30 Year Fixed Matrix Pink Updated Oct. 23, 2024.pdf",
    "base_name":  "Jumbo 30 Year Fixed Matrix Pink Updated Oct. 23, 2024",
    "product_category":  "Jumbo",
    "extracted_text":  "Jumbo 30 Year Fixed Matrix Pink Updated Oct. 23, 2024 For all loans locked on or after October 23, 2024 PURCHASE \u0026 RATE AND TERM REFINANCE PRIMARY SECOND HOME Units Max Loan Size Min Max Min Max LTV/CLTV/HCLTV FICO LTV/CLTV/HCLTV FICO LTV/ $2,000,000 89.99% 680 89.99% 680 $2,000,000 80% 660 80% 660 1-4 Unit1 $3,000,000 89.99% 700 89.99% 700 $5,000,000 80% 740 80% 740 1 Second Home only available on 1 Unit CASH-OUT REFINANCE PRIMARY SECOND HOME Units Max Loan Size Min Max Min Max LTV/CLTV/HCLTV FICO LTV/CLTV/HCLTV FICO LTV/ $2,000,000 89.99%3 680 89.99%3 680 1-4 Unit1 $3,000,000 89.99%3 740 89.99%3 740 1Second Home only available on 1 Unit 2Non-Occupying Co-Borrowers not permitted for LPA Primary Cash Out transactions 3Max LTV of 80% for loans at or below the conforming loan limit BASIC PRODUCT PARAMETERS Purchase and Rate/Term minimum loan amount $1 over Conforming loan limits allowed on Cash Out Refinance. See Escrow Waiver Policy for eligibili conforming loan limit. Max loan amount $5,000,000. Maximum Debt-to-Income ratio is determined by DU/LPA, 6 months of seasoning required if a Appraisal Waivers not permitted but not to exceed 50% mortgage is paid o\" through th DU Approve Ineligible feedback / LP 1-0 and 2-1 Lender Paid, Seller Paid, and Agent Paid Temporary Buydowns o\"ered on 30 Year Primary and Second Feedback for loan amount or cash- Home Purchases conventional LTV limit STATE REQUIREMENT Not permitted in Texas 50(a)(6) ** Please refer to current UWM Product Guidelines for detailed underwriting guidelines and documentation requirements. All borrowers on the loan must have a FICO score and must meet the FICO requirement. ** DATE UPDATED: 4/23/2025 PROPRIETARY AND CONFIDENTIAL TO UWM - FOR USE BY UWM APPROVED PARTIES ONLY. NMLS #3038 ",
    "ingested_at":  "2025-11-18 12:53:05"
}
