{
    "file":  "Jumbo Blue 30 Year Fixed Matrix.pdf",
    "base_name":  "Jumbo Blue 30 Year Fixed Matrix",
    "product_category":  "Jumbo",
    "extracted_text":  "Jumbo Blue 30 Year Fixed Matrix Applicable to all loans imported on or after July 11, 2025 To access the matrix for loans imported on or before July 10 click here PURCHASE AND RATE/TERM PRIMARY SECOND HOME INVESTMENT Max Loan Units Size Max Min Max Min Max Min 2 2 LTV/CLTV/HCLTV FICO LTV/CLTV/HCLTV FICO LTV/CLTV/HCLTV FICO2 $2,000,000 89.99% 680 89.99% 680 80% 680 1-4 $2,000,000 80% 660 80% 660 70% 660 Unit1 $3,000,000 89.99% 700 89.99% 700 75% 720 1Second Home only available on 1 Unit 2FICO \u003c=660 not permitted in Massachusetts or Nevada CASH OUT REFINANCE PRIMARY2 SECOND HOME INVESTMENT Units Max Loan Size Max CLTV Min FICO Max CLTV Min FICO Max CLTV Min FICO $2,000,000 89.99% 680 89.99% 680 75% 680 1 1-4 Unit $3,000,000 89.99% 740 89.99% 740 70% 740 1Second Home only available on 1 Unit 2Non-Occupying Co-Borrowers not permitted for LPA Primary Cash Out transactions BASIC PRODUCT PARAMETERS Maximum Debt-to-Income ratio is DU Approve Ineligible feedback / LPA Accept Appraisal Waivers not determined by DU/LPA, but not to Ineligible Feedback for loan amount or cash- permitted exceed 50% out refinance over GSE LTV limit only 1-0 and 2-1 Lender Paid and Seller Paid 6 months seasoning required if an existing first lien mortgage is paid Temporary Buydowns o\"ered on 30 Year o\" through the transaction Primary and Second Home Purchases Minimum loan amount $1 Max Cash Out $500,000 for Loan See Escrow Waiver Policy for eligibility and over conforming loan limit. Amounts \u003e$1,500,000: $350,000 state criteria Max loan amount $3,000,000 for Loan Amounts ≤$1,500,000 STATE REQUIREMENTS Texas 50(a)(6) is not permitted. ** Please refer to current UWM Product Guidelines for detailed underwriting guidelines and documentation requirements. All borrowers on the loan must have a FICO score and must meet the FICO requirement. ** DATE UPDATED: 7/11/2025 PROPRIETARY AND CONFIDENTIAL TO UWM - FOR USE BY UWM APPROVED PARTIES ONLY. NMLS #3038 Back to Top ",
    "ingested_at":  "2025-11-18 12:53:05"
}
