{
    "file":  "Jumbo 30 Year Fixed Matrix - Yellow.pdf",
    "base_name":  "Jumbo 30 Year Fixed Matrix - Yellow",
    "product_category":  "Jumbo",
    "extracted_text":  "Jumbo 30 Year Fixed Matrix - Yellow Applicable to all loans locked on or after July 9th, 2025 PURCHASE AND RATE/TERM PRIMARY SECOND HOME INVESTMENT Max Loan Units Size Max Min Max Min Max Min LTV/CLTV/HCLTV FICO LTV/CLTV/HCLTV FICO 1 FICO LTV/CLTV/HCLTV $1,500,000 80% 660 90% 680 80% 680 $2,000,000 90% 680 1 $2,500,000 80% 720 80% 720 75% 720 Unit $3,000,000 80% 740 80% 740 N/A N/A $3,500,000 70% 740 N/A N/A N/A N/A $1,500,000 90% 700 N/A N/A N/A N/A $2,000,000 85% 680 N/A N/A 75% 680 2-4 Unit $2,500,000 80% 720 N/A N/A 70% 720 $3,000,000 75% 740 N/A N/A N/A N/A $3,500,000 70% 740 N/A N/A N/A N/A 1 Max LTV of 75% on Rate/Term Investment. CASH OUT REFINANCE PRIMARY1 SECOND HOME INVESTMENT Max Loan Units Size Max Min Max Min Max Min LTV/CLTV/HCLTV FICO LTV/CLTV/HCLTV FICO LTV/CLTV/HCLTV FICO $2,000,000 90% 740 75% 700 75% 720 1 $2,000,000 80% 680 75% 700 70% 700 Unit $3,000,000 80% 740 75% 740 N/A N/A $2,000,000 85% 740 N/A N/A 70% 720 2-4 $2,000,000 75% 680 N/A N/A 65% 700 Unit $3,000,000 75% 740 N/A N/A N/A N/A 1Non-Occupying Co-Borrowers not permitted for LPA Primary Cash Out transactions BASIC PRODUCT PARAMETERS DU Approve Ineligible feedback / LPA Accept Maximum Debt-to-Income ratio Appraisal Waivers not Ineligible Feedback for loan amount or cash-out is determined by DU/LPA, but permitted refinance over 80% LTV only. not to exceed 50% Minimum loan amount 1-0 and 2-1 Lender Paid, Seller Paid, and Agent Paid See Escrow Waiver Policy for $400,000. Max loan Temporary Buydowns o\"ered on 30 Year Primary eligibility and state criteria amount $3,500,000 and Second Home Purchases STATE REQUIREMENTS Texas 50(a)(6) is not permitted. ** Please refer to current UWM Product Guidelines for detailed underwriting guidelines and documentation requirements. All borrowers on the loan must have a FICO score and must meet the FICO requirement. ** DATE UPDATED: 7/8/2025 PROPRIETARY AND CONFIDENTIAL TO UWM - FOR USE BY UWM APPROVED PARTIES ONLY. NMLS #3038 ",
    "ingested_at":  "2025-11-18 12:53:05"
}
