{
    "file":  "Jumbo 30 Year Fixed Matrix - Green.pdf",
    "base_name":  "Jumbo 30 Year Fixed Matrix - Green",
    "product_category":  "Jumbo",
    "extracted_text":  "Jumbo 30 Year Fixed Matrix - Green PURCHASE AND RATE/TERM PRIMARY SECOND HOME Max Loan Units Size Max Min Max Max Min Max CLTV FICO DTI CLTV FICO DTI $2,000,000 80% 720 50% 75% 720 45% 1-4 $3,000,000 75% 720 45% 70% 720 45% Unit/Condo1 $3,500,000 65% 740 45% N/A N/A N/A 1 Max Loan Amount of $1.5m for 2 Unit and $1m for 3-4 Unit CASH OUT REFINANCE PRIMARY2 SECOND HOME Max Loan Units Size Max Min Max Max Min Max CLTV FICO DTI CLTV FICO DTI 1-4 $2,000,000 75% 720 45% 70% 720 40% Unit/Condo1 1Max Loan Amount of $1.5m for 2 Unit and $1m for 3-4 Unit 2Non-Occupying Co-Borrowers not permitted for LPA Primary Cash Out transactions BASIC PRODUCT PARAMETERS DU Approve Ineligible feedback / Minimum loan amount $1 over Max Cash Out LPA Accept Ineligible Feedback for conforming loan limit. Max loan $500,000 loan amount only amount $3,500,000 See Escrow Waiver Temporary Buydowns not Appraisal Waivers not permitted Policy for eligibility permitted and state criteria 6 months minimum reserves required for loan amounts \u003c= $1,500,000. 9 months minimum reserves required for loan amounts \u003e $1,500,000 and \u003c= $2,000,000. 24 months minimum reserves required for loan amounts \u003e $2,000,000 STATE Texas 50(a)(6) and Maine loans not REQUIREMENTS permitted ** Please refer to current UWM Product Guidelines for detailed underwriting guidelines and documentation requirements. All borrowers on the loan must have a FICO score and must meet the FICO requirement. ** DATE UPDATED: 4/28/2025 PROPRIETARY AND CONFIDENTIAL TO UWM - FOR USE BY UWM APPROVED PARTIES ONLY. NMLS #3038 ",
    "ingested_at":  "2025-11-18 12:53:05"
}
