{
    "file":  "Jumbo 30 Year Fixed Matrix - Purple.pdf",
    "base_name":  "Jumbo 30 Year Fixed Matrix - Purple",
    "product_category":  "Jumbo",
    "extracted_text":  "Jumbo 30 Year Fixed Matrix - Purple PURCHASE AND RATE/TERM PRIMARY SECOND HOME INVESTMENT Max Loan Units Size Max Min Min Max Min Min Max Min Min CLTV FICO Reserves CLTV FICO Reserves CLTV FICO Reserves 89.99% 740 6 $2,500,000 80% 700 12 80% 700 6 80% 700 9 1 89.99% 740 6 Unit $3,000,000 70% 700 12 80% 700 6 $5,000,000 80% 740 12 80% 740 12 N/A N/A N/A 2-4 $3,000,000 70% 700 12 N/A N/A N/A 70% 700 12 Unit CASH OUT REFINANCE PRIMARY SECOND HOME Max Loan Max Cash- Units Size Out Max Min Min Max Min Min CLTV FICO Reserves CLTV FICO Reserves $300,000 75% 75% $2,000,000 $500,000 65% 65% 1 Unit 700 9 700 9 $300,000 65% 65% $2,500,000 $500,000 55% 55% $300,000 65% N/A N/A N/A 2-4 $2,500,000 700 9 Unit $500,000 55% N/A N/A N/A BASIC PRODUCT PARAMETERS Minimum loan amount $1 over the greater of conforming Appraisal Waivers not Max 10 financed properties, loan limit or Agency High Cost limit. Max loan amount permitted additional reserves required $5,000,000 DU Approve Ineligible Maximum Debt-to-Income ratio is Temporary See Escrow Waiver Policy for feedback for loan determined by DU, but not to Buydowns not eligibility and state criteria amount only exceed 50% permitted STATE REQUIREMENTS Texas 50(a)(6) is not permitted ** Please refer to current UWM Product Guidelines for detailed underwriting guidelines and documentation requirements. All borrowers on the loan must have a FICO score and must meet the FICO requirement. ** DATE UPDATED: 2/21/2025 PROPRIETARY AND CONFIDENTIAL TO UWM - FOR USE BY UWM APPROVED PARTIES ONLY. NMLS #3038 ",
    "ingested_at":  "2025-11-18 12:53:05"
}
