{
    "file":  "Mortgage Insurance Matrix.pdf",
    "base_name":  "Mortgage Insurance Matrix",
    "product_category":  "Unknown",
    "extracted_text":  "Mortgage Insurance Matrix PURCHASE \u0026 RATE/TERM REFINANCE Purchase and Rate/Term High Mortgage Insurance Plan Second Primary Investment Primary Home 80.01- 80.01- LTV 80.01-85% 80.01-95% 97% 90% Minimum FICO 620 620 620 620 Lender-Paid MI Maximum Loan Amount $806,500 $806,500 $806,500 $1,209,750 Minimum FICO 620 620 620 620 Monthly MI Maximum Loan Amount $806,500 $806,500 $806,500 $1,209,750 Minimum FICO 640 640 640 640 Single Premium Financed and Single Premium Non-Financed Maximum Loan Amount $806,500 $806,500 $806,500 $1,209,750 Minimum FICO 680 680 680 680 Split 50 / Split 100 Maximum Loan Amount $806,500 $806,500 $806,500 $1,209,750 PROGRAM DEFINITIONS Lender-Paid MI (LPMI) No monthly mortgage insurance. The MI is paid at closing by UWM. Monthly MI (BPMI) Borrower-Paid Mortgage Insurance that is paid monthly by the borrower. Borrower-Paid MI that is paid monthly by the borrower. For FICO scores Elite MI (BPMI) ≥ 760. No loan amount floor or LTV cap. Available in all states except AK, HI and OH. This is a Borrower Paid M.I. plan which allows the borrower to finance the entire premium into their loan amount to avoid Monthly M.I. in their Single Premium Financed housing payment. Not available for the Broker channel. *Correspondent limited to MAX 2.5% MIP factor due to QM. This is a Borrower Paid M.I. plan which allows the borrower to pay the entire premium at close \u0026 avoid Monthly M.I. in their housing payment. Single Premium Non-Financed Broker available only for purchase, must pass QM. *Correspondent limited to MAX 2.5% MIP factor due to QM. This is a hybrid of both BPMI and Pay Advantage. 0.50% of the Split 50 adjustment is rolled into the rate and the borrower\u0027s monthly MI rate is lowered. This is a hybrid of both BPMI and Pay Advantage. 1.0% of the adjustment Split 100 is rolled into the rate and the borrower\u0027s monthly MI rate is lowered. PROGRAM DEFINITIONS Appraisal, borrower funds, maximum ratios and reserves per AUS results. DATE UPDATED: 11/27/2024 PROPRIETARY AND CONFIDENTIAL TO UWM - FOR USE BY UWM APPROVED PARTIES ONLY. NMLS #3038 Back to Top ",
    "ingested_at":  "2025-11-18 12:53:05"
}
