{
    "file":  "One-Time Close New Construction Conventional ARM Matrix.pdf",
    "base_name":  "One-Time Close New Construction Conventional ARM Matrix",
    "product_category":  "Conventional",
    "extracted_text":  "11/18/25, 12:06 PM One-Time Close New Construction Conventional ARM Matrix One-Time Close New Construction Conventional ARM Matrix 7/6 \u0026 10/6 SOFR ARM (Interest Only During Construction Period) Maximum 11 month Construction Period Feedback PURCHASE \u0026 RATE/TERM REFINANCE Occupancy PRIMARY SECOND HOME INVESTMENT Type Max Min Max Min Max Min LTV/CLTV/HCLTV FICO LTV/CLTV/HCLTV FICO LTV/CLTV/HCLTV FICO 1 Unit 95%1,3 700 80%1,3 700 80%1,2,3 Purchase 700 2-4 Units 95%1,3 700 N/A N/A 75%3 700 1 All loans over 80% LTV must refer to UWM\u0027s Mortgage Insurance Matrix. 2 Max LTV for 1 Unit Rate/Term Investment 75% 310% LTV reduction when the property is located in a declining/risky market as defined by UWM https://thesource.uwm.com/search-guidelines/uwm-documents/secondary/onetimeclosenewconstructionconventionalarmmatrix 1/3 11/18/25, 12:06 PM One-Time Close New Construction Conventional ARM Matrix MI COVERAGE (See MI BASIC PRODUCT PARAMETERS guidelines for FICO requirements) Temporary Project and builder Fannie Mae Only, Findings must be DU Buydowns not must be approved by Approve/Eligible permitted UWM/Granite Escrow waiver Principal Co-op Properties, Attached Condominiums, required during Reductions not LTV 30 Year and Manufactured Properties not permitted construction period permitted 90.01 - 95% 30% Maximum loan amount is based on the 5% of construction cost will be held for conforming loan limit for number of units and 85.01 - 90% 25% contingency fund Feedback county 80.01 - 85% 12% Credit documents cannot exceed 12 months at the time of modification therefore credit and income documents may be required to be updated prior to CTC The final draw to the builder will be withheld until all end construction processes are complete (e.g. final inspection, COO, modification to perm financing returned) 7/6 and 10/6 ARM qualifies at the Note Rate 7/6 and 10/6 ARM Caps: 5/1/5 STATE REQUIREMENTS Texas 50(a)(6) is not permitted https://thesource.uwm.com/search-guidelines/uwm-documents/secondary/onetimeclosenewconstructionconventionalarmmatrix 2/3 11/18/25, 12:06 PM One-Time Close New Construction Conventional ARM Matrix **Please refer to the current FNMA and FHLMC Selling Guides and UWM Overlay Sheet for detailed underwriting guidelines and documentation requirements. All borrowers on the loan must have a FICO score and must meet the FICO requirement.** DATE UPDATED: 3/28/2025 PROPRIETARY AND CONFIDENTIAL TO UWM - FOR USE BY UWM APPROVED PARTIES ONLY. NMLS #3038 Feedback https://thesource.uwm.com/search-guidelines/uwm-documents/secondary/onetimeclosenewconstructionconventionalarmmatrix 3/3 ",
    "ingested_at":  "2025-11-18 12:53:06"
}
