{
    "file":  "One-Time Close New Construction VA Fixed Matrix.pdf",
    "base_name":  "One-Time Close New Construction VA Fixed Matrix",
    "product_category":  "VA",
    "extracted_text":  "11/18/25, 12:09 PM One-Time Close New Construction VA Fixed Matrix One-Time Close New Construction VA Fixed Matrix 30 Year Fixed and 30 Year Jumbo Fixed Feedback (Interest Only During Construction Period) Maximum 11 Month Construction Period PURCHASE \u0026 CASH-OUT REFINANCE PRIMARY RESIDENCE ONLY Min Base Loan Property Type Purpose Type Max LTV/CLTV/HCLTV FICO Amount 1-4 Units Maximum is Purchase 100% 580 conforming loan limit Jumbo https://thesource.uwm.com/search-guidelines/uwm-documents/secondary/onetimeclosenewconstructionvafixedmatrix 1/3 11/18/25, 12:09 PM One-Time Close New Construction VA Fixed Matrix PURCHASE \u0026 CASH-OUT REFINANCE Minimum is over $1 over Refinance 100% 580 Conforming Loan Limit 1 Refinances must be submitted as Cash Out Type II. BASIC PRODUCT PARAMETERS Project and builder must be approved Findings must be DU Approve/Eligible Temporary Buydowns not permitted by UWM/Granite Feedback Co-op Properties, Attached Split entitlement eligible for married Condominiums, and Manufactured Principal Reductions not permitted veterans Properties not permitted Escrow waiver required during 5% of construction cost will be held for Base loan amounts are not to exceed construction period contingency fund $4,000,000 Max base loan amount to be the lesser of an amount that allows for the equity and available VA guaranty to be at least 25% of the purchase price or appraised value See Products Not Offered Job Aid for list The final draw to the builder will be withheld until all end construction processes of products not currently offered by are complete (e.g. final inspection, COO, modification to perm financing returned) UWM. ** Please refer to the current VA Guidelines and UWM Overlay Sheet for detailed underwriting guidelines and documentation requirements. https://thesource.uwm.com/search-guidelines/uwm-documents/secondary/onetimeclosenewconstructionvafixedmatrix 2/3 11/18/25, 12:09 PM One-Time Close New Construction VA Fixed Matrix All borrowers on the loan must have a FICO score and must meet the FICO requirement ** DATE UPDATED: 3/28/2025 PROPRIETARY AND CONFIDENTIAL TO UWM - FOR USE BY UWM APPROVED PARTIES ONLY. NMLS #3038 Feedback https://thesource.uwm.com/search-guidelines/uwm-documents/secondary/onetimeclosenewconstructionvafixedmatrix 3/3 ",
    "ingested_at":  "2025-11-18 12:53:06"
}
