{
    "file":  "One-Time Close New Construction Conventional Fixed High Balance Matrix.pdf",
    "base_name":  "One-Time Close New Construction Conventional Fixed High Balance Matrix",
    "product_category":  "Conventional",
    "extracted_text":  "11/18/25, 12:05 PM One-Time Close New Construction Conventional Fixed High Balance Matrix One-Time Close New Construction Conventional Fixed High Balance Matrix 15 and 30 Year (Interest Only During Construction Period) Maximum 11 month Construction Period Feedback PURCHASE \u0026 RATE/TERM REFINANCE Occupancy PRIMARY SECOND HOME INVESTMENT Type Max Min Max Min Max Min LTV/CLTV/HCLTV FICO LTV/CLTV/HCLTV FICO LTV/CLTV/HCLTV FICO 1 Unit 95%1,3 700 90%1,3 700 85%1,2,3 Purchase 700 2 Units 85%1,3 700 N/A N/A 75%3 700 3 to 4 Units 75%3 700 N/A N/A 75%3 700 1 All loans over 80% LTV must refer to UWM\u0027s Mortgage Insurance Matrix. 2 Max LTV for 1 Unit Rate/Term Investment 75% https://thesource.uwm.com/search-guidelines/uwm-documents/secondary/onetimeclosenewconstructionconventionalfixedhighbalancematrix 1/3 11/18/25, 12:05 PM One-Time Close New Construction Conventional Fixed High Balance Matrix 310% LTV reduction when the property is located in a declining/risky market as defined by UWM MI COVERAGE (See MI BASIC PRODUCT PARAMETERS guidelines for FICO requirements) Temporary Project and builder Fannie Mae Only, Findings must be DU Buydowns not must be approved by Approve/Eligible permitted UWM/Granite Escrow waiver Principal Co-op Properties, Attached Condominiums, required during Reductions not and Manufactured Properties not permitted construction period permitted LTV 15 Year 30 Year Feedback Minimum Loan Amount is $1 over County 90.01 - 95% 25% 30% County Loan Limit Lookup Conforming Loan Limit 85.01 - 90% 12% 25% 5% of construction cost will be held for Loan term cannot be modified unless in the contingency fund case of an interest rate float down 80.01 - 85% 6% 12% Credit documents cannot exceed 12 months at the time of modification therefore credit and income documents may be required to be updated prior to CTC The final draw to the builder will be withheld until all end construction processes are complete (e.g. final inspection, COO, modification to perm financing returned) STATE REQUIREMENTS Texas 50(a)(6) is not permitted https://thesource.uwm.com/search-guidelines/uwm-documents/secondary/onetimeclosenewconstructionconventionalfixedhighbalancematrix 2/3 11/18/25, 12:05 PM One-Time Close New Construction Conventional Fixed High Balance Matrix **Please refer to the current FNMA and FHLMC Selling Guides and UWM Overlay Sheet for detailed underwriting guidelines and documentation requirements. All borrowers on the loan must have a FICO score and must meet the FICO requirement.** DATE UPDATED: 3/28/2025 PROPRIETARY AND CONFIDENTIAL TO UWM - FOR USE BY UWM APPROVED PARTIES ONLY. NMLS #3038 Feedback https://thesource.uwm.com/search-guidelines/uwm-documents/secondary/onetimeclosenewconstructionconventionalfixedhighbalancematrix 3/3 ",
    "ingested_at":  "2025-11-18 12:53:06"
}
