{
    "file":  "Prime Jumbo Max ARM Matrix.pdf",
    "base_name":  "Prime Jumbo Max ARM Matrix",
    "product_category":  "Jumbo",
    "extracted_text":  "11/16/25, 2:23 AM Prime Jumbo Max ARM Matrix Prime Jumbo Max ARM Matrix 7/6 \u0026 10/6 SOFR ARM Applicable to all loans imported on or after July 11, 2025 To access the matrix for loans imported on or before July 10 click here PURCHASE \u0026 RATE AND TERM REFINANCE Feedback PRIMARY SECOND HOME INVESTMENT Max Loan Units Size Max Min Max Min Max Min LTV/CLTV/HCLTV FICO LTV/CLTV/HCLTV FICO LTV/CLTV/HCLTV FICO $1,000,000 80% 660 80% 660 70% 680 $1,500,000 80% 660 70% 680 65% 680 75% 680 N/A N/A 1 Unit $2,000,000 55% 700 65% 660 N/A N/A $2,500,000 80% 720 80% 720 N/A N/A $3,000,000 80% 740 80% 740 N/A N/A https://thesource.uwm.com/search-guidelines/uwm-documents/secondary/primejumbomaxarmmatrix 1/4 11/16/25, 2:23 AM Prime Jumbo Max ARM Matrix PURCHASE \u0026 RATE AND TERM REFINANCE $1,000,000 80% 660 N/A N/A 70% 680 2 Unit $1,500,000 65% 660 N/A N/A 65% 680 $2,000,000 60% 660 N/A N/A N/A N/A $1,000,000 N/A N/A N/A N/A 70% 680 3-4 Unit $1,500,000 N/A N/A N/A N/A 65% 680 CASH-OUT REFINANCE Feedback PRIMARY1 SECOND HOME INVESTMENT Max Loan Units Size Max Min Max Min Max Min LTV/CLTV/HCLTV FICO LTV/CLTV/HCLTV FICO LTV/CLTV/HCLTV FICO $1,000,000 75% 660 75% 700 65% 680 $1,500,000 70% 680 65% 700 60% 720 1 Unit 80% 720 N/A N/A $2,000,000 75% 740 55% 660 N/A N/A 2 Unit $1,000,000 70% 680 N/A N/A 65% 680 https://thesource.uwm.com/search-guidelines/uwm-documents/secondary/primejumbomaxarmmatrix 2/4 11/16/25, 2:23 AM Prime Jumbo Max ARM Matrix CASH-OUT REFINANCE $1,500,000 55% 660 N/A N/A 60% 720 $1,000,000 N/A N/A N/A N/A 65% 680 3-4 Unit $1,500,000 N/A N/A N/A N/A 60% 720 1Non-Occupying Co-Borrowers not permitted for LPA Primary Cash Out transactions BASIC PRODUCT PARAMETERS Appraisal Waivers Second appraisal required for refinances Minimum loan amount $400,000. HPML not permitted not permitted with loan amounts greater than $2M Max loan amount $3,000,000 Feedback DU findings of Approve/Ineligible are only acceptable if for the loan Max Debt-to-Income ratio is determined by DU or LPA but not to amount exceeding the conforming loan limit exceed 50% Maximum Cash Out Proceeds: Loan Amount ≤$1,500,000: $350,000; Temporary buydowns See Escrow Waiver Policy for Loan Amount \u003e$1,500,000: $500,000 not available eligibility and state criteria 7/6 and 10/6 ARMs qualify at the note rate. 7/6 and 10/6 ARM caps: 5/1/5. STATE REQUIREMENTS Texas 50(a)(6) is not permitted. https://thesource.uwm.com/search-guidelines/uwm-documents/secondary/primejumbomaxarmmatrix 3/4 11/16/25, 2:23 AM Prime Jumbo Max ARM Matrix **Please refer to the current UWM Overlay Sheet for detailed underwriting guidelines and documentation requirements. All borrowers on the loan must have a FICO score and must meet the FICO requirement.** DATE UPDATED: 7/11/2025 PROPRIETARY AND CONFIDENTIAL TO UWM - FOR USE BY UWM APPROVED PARTIES ONLY. NMLS #3038 Feedback https://thesource.uwm.com/search-guidelines/uwm-documents/secondary/primejumbomaxarmmatrix 4/4 ",
    "ingested_at":  "2025-11-18 12:53:07"
}
