{
    "file":  "Prime Jumbo Max ARM Matrix Pre July 11 2025.pdf",
    "base_name":  "Prime Jumbo Max ARM Matrix Pre July 11 2025",
    "product_category":  "Jumbo",
    "extracted_text":  "11/18/25, 11:58 AM Prime Jumbo Max ARM Matrix Pre July 11 2025 Prime Jumbo Max ARM Matrix Pre July 11 2025 7/6 \u0026 10/6 SOFR ARM Applicable to all loans imported on or before July 10, 2025 PURCHASE \u0026 RATE AND TERM REFINANCE Feedback PRIMARY SECOND HOME Max Loan Units Size Max Min Months of Max Min Months of LTV/CLTV/HCLTV FICO Reserves LTV/CLTV/HCLTV FICO Reserves $1,000,000 80% 700 6 75% 700 12 $1,500,000 80% 700 12 70% 700 18 1 Unit $2,500,000 80% 720 15 70% 720 18 $3,000,000 70% 740 18 60% 740 18 $1,000,000 80% 700 12 N/A N/A N/A 2 $1,500,000 65% 700 12 N/A N/A N/A Units $2,000,000 60% 720 15 N/A N/A N/A https://thesource.uwm.com/search-guidelines/uwm-documents/secondary/primejumbomaxarmmatrixprejuly112025 1/3 11/18/25, 11:58 AM Prime Jumbo Max ARM Matrix Pre July 11 2025 1Max LTV for condos \u003e $2,500,000 is 50%. CASH-OUT REFINANCE PRIMARY SECOND HOME Max Loan Units Size Max Min Months of Max Min Months of LTV/CLTV/HCLTV FICO Reserves LTV/CLTV/HCLTV FICO Reserves $1,000,000 75% 700 12 75% 700 12 1 Unit $1,500,000 70% 700 12 65% 700 18 $2,000,000 80% 720 12 70% 740 18 Feedback $1,000,000 70% 700 12 N/A N/A N/A 2 Units $1,500,000 55% 700 12 N/A N/A N/A BASIC PRODUCT PARAMETERS Max Debt-to-Income ratio is determined by DU, but not to exceed 43% when Max loan amount $1,250,000 for First-time Homebuyers FICO is ≥ 720 and 40% when FICO is \u003c720. Minimum loan amount $1 over conforming loan limit. Max loan amount Second appraisal required for loan amount greater than $3,000,000 $1.5M Maximum Cash Out Proceeds: Loan Amount ≤$1,500,000: $250,000; Loan HPML not permitted Amount \u003e$1,500,000: $500,000 https://thesource.uwm.com/search-guidelines/uwm-documents/secondary/primejumbomaxarmmatrixprejuly112025 2/3 11/18/25, 11:58 AM Prime Jumbo Max ARM Matrix Pre July 11 2025 BASIC PRODUCT PARAMETERS DU findings of Approve/Ineligible are only acceptable if for the loan amount Minimum Reserves is the greater of the amount on the exceeding the conforming loan limit matrix or what is required per DU See Escrow Waiver Policy for eligibility and state criteria Temporary buydowns not available UWM does not offer the following products: HomeStyle Renovation, Single-Close Construction to Perm, Native American Conventional Lending Initiative, High LTV Refinance, FNMA Student Loan Payoff (Cash-Out) 7/6 and 10/6 ARMs qualify at the note rate. 7/6 and 10/6 ARM caps: 5/1/5. STATE REQUIREMENTS Texas 50(a)(6) is not permitted. Feedback **Please refer to the current UWM Overlay Sheet for detailed underwriting guidelines and documentation requirements. All borrowers on the loan must have a FICO score and must meet the FICO requirement.** DATE UPDATED: 7/11/2025 PROPRIETARY AND CONFIDENTIAL TO UWM - FOR USE BY UWM APPROVED PARTIES ONLY. NMLS #3038 https://thesource.uwm.com/search-guidelines/uwm-documents/secondary/primejumbomaxarmmatrixprejuly112025 3/3 ",
    "ingested_at":  "2025-11-18 12:53:07"
}
