{
    "file":  "Prime Jumbo Released ARMs Matrix Updated Dec. 31, 2024.pdf",
    "base_name":  "Prime Jumbo Released ARMs Matrix Updated Dec. 31, 2024",
    "product_category":  "Jumbo",
    "extracted_text":  "11/16/25, 2:23 AM Prime Jumbo Released ARMs Matrix Updated Dec. 31, 2024 Prime Jumbo Released ARMs Matrix Updated Dec. 31, 2024 Applicable to all loans locked on or after December 31, 2024 5/6, 7/6, \u0026 10/6 SOFR ARM PURCHASE AND RATE/TERM PRIMARY SECOND HOME INVESTMENT Units Max Loan Size Min Max Min Max Min Max LTV/CLTV/HCLTV FICO LTV/CLTV/HCLTV FICO LTV/CLTV/HCLTV FICO $2,000,000 80% 660 80% 660 70% 660 $2,000,000 89.99% 680 89.99% 680 80% 680 1-4 Unit1 $3,000,000 89.99% 700 89.99% 700 75% 720 Feedback $5,000,000 80% 740 80% 740 N/A N/A 1Second Home only available on 1 Unit CASH OUT REFINANCE PRIMARY SECOND HOME INVESTMENT Units Max Loan Size Min Max Min Max Min Max LTV/CLTV/HCLTV FICO LTV/CLTV/HCLTV FICO LTV/CLTV/HCLTV FICO $2,000,000 89.99% 680 89.99% 680 75% 680 1-4 Unit1 $3,000,000 89.99% 740 89.99% 740 70% 740 https://thesource.uwm.com/search-guidelines/uwm-documents/secondary/primejumboreleasedarmsmatrixupdated20241231 1/2 11/16/25, 2:23 AM Prime Jumbo Released ARMs Matrix Updated Dec. 31, 2024 CASH OUT REFINANCE 1Second Home only available on 1 Unit BASIC PRODUCT PARAMETERS PIW and ACE not accepted Temporary buydowns not available See Escrow Waiver Policy for eligibility and state criteria Minimum loan amount $1 over conforming loan limit. DU Approve Ineligible feedback / LPA Accept Ineligible Feedback for loan amount or cash-out refinance over 80% LTV Max loan amount $5,000,000 only Maximum Debt-to-Income ratio is determined by All loans must meet QM (via APR with the applicable rate spread over APOR) and documentation must satisfy DU/LPA, but not to exceed 50% verification safe harbor See Products Not Offered Job Aid for list of products not currently offered by UWM. 5/6 ARMs qualify at a greater of Note Rate +2% or the Fully Indexed Rate 5/6 ARM Caps: 2/1/5 | 7/6 and 10/6 ARM Caps: 5/1/5 7/6 and 10/6 ARMs qualify at the greater of the Fully Indexed Rate or Note Rate STATE REQUIREMENT Texas 50(a)(6) is not permitted Feedback **Please refer to the current UWM Overlay Sheet for detailed underwriting guidelines and documentation requirements. All borrowers on the loan must have a FICO score and must meet the FICO requirement.** DATE UPDATED: 12/31/2024 PROPRIETARY AND CONFIDENTIAL TO UWM - FOR USE BY UWM APPROVED PARTIES ONLY. NMLS #3038 https://thesource.uwm.com/search-guidelines/uwm-documents/secondary/primejumboreleasedarmsmatrixupdated20241231 2/2 ",
    "ingested_at":  "2025-11-18 12:53:07"
}
