{
    "file":  "Prime Jumbo Released Fixed Interest Only Matrix.pdf",
    "base_name":  "Prime Jumbo Released Fixed Interest Only Matrix",
    "product_category":  "Jumbo",
    "extracted_text":  "11/18/25, 11:57 AM Prime Jumbo Released Fixed Interest Only Matrix Prime Jumbo Released Fixed Interest Only Matrix 30-Year (10-Year Interest Only, 20-Year Amortization Period) Feedback PURCHASE AND RATE AND TERM REFINANCE PRIMARY AND SECOND HOME1 Units Max Loan Size Max LTV/CLTV/HCLTV Min FICO Months of Reserves $2,000,000 75% 660 6 $2,000,000 80% 680 6 1-4 Unit $3,000,000 80% 700 12 $5,000,000 75% 740 24 1Second Home only available on 1 Unit https://thesource.uwm.com/search-guidelines/uwm-documents/secondary/primejumboreleasedfixedinterestonlymatrix 1/3 11/18/25, 11:57 AM Prime Jumbo Released Fixed Interest Only Matrix BASIC PRODUCT PARAMETERS Minimum loan amount $1 over DU findings of Approve/Ineligible are conforming loan limit. Max loan Ineligible Loans: Investment, Cash Out Refinance acceptable due to loan amount only amount $5,000,000 Max Debt-to-Income ratio is DTI \u0026 Reserves are qualified using a fully-amortizing monthly No appraisal waivers allowed determined by DU, but not to payment on the subject transaction exceed 50% See Escrow Waiver Policy for See Products Not Offered Job Aid for list of products not Temporary buydowns not available eligibility and state criteria currently offered by UWM. Feedback STATE REQUIREMENTS Texas 50(a)(6) is not permitted. **Please refer to the current UWM Overlay Sheet for detailed underwriting guidelines and documentation requirements. All borrowers on the loan must have a FICO score and must meet the FICO requirement.** DATE UPDATED: 12/31/2024 PROPRIETARY AND CONFIDENTIAL TO UWM - FOR USE BY UWM APPROVED PARTIES ONLY. NMLS #3038 https://thesource.uwm.com/search-guidelines/uwm-documents/secondary/primejumboreleasedfixedinterestonlymatrix 2/3 11/18/25, 11:57 AM Prime Jumbo Released Fixed Interest Only Matrix Feedback https://thesource.uwm.com/search-guidelines/uwm-documents/secondary/primejumboreleasedfixedinterestonlymatrix 3/3 ",
    "ingested_at":  "2025-11-18 12:53:07"
}
