{
    "file":  "RefiNow� Matrix.pdf",
    "base_name":  "RefiNow� Matrix",
    "product_category":  "Unknown",
    "extracted_text":  "11/18/25, 12:06 PM RefiNow™ Matrix RefiNow™ Matrix 30 Year Fixed RATE/TERM REFINANCE Occupancy Type PRIMARY LTV/FICO Max LTV/CLTV/HCLTV Min FICO Feedback 1 Unit 97%1 620 1 Unit Manufactured 95%1 620 ¹All loans over 80% LTV must refer to UWM\u0027s Mortgage Insurance Matrix. ELIGIBILITY Must be ≤100% of area median income (AMI). Income Eligibility RefiNow™ Income Eligibility Look-up Tool https://thesource.uwm.com/search-guidelines/uwm-documents/secondary/refinowmatrix 1/3 11/18/25, 12:06 PM RefiNow™ Matrix ELIGIBILITY Existing loan must be Fannie Mae owned. This can be found using Fannie Mae Lookup Existing Loan Information Tool Conventional: 35% for 95.01-97%, 30% for 90.01-95%, 25% for 85.01- 90%, 12% for 80.01-85%. Mortgage Insurance Manufactured: N/A for 95.01-97%, 30% for 90.01-95%, 25% for 85.01- 90%, 12% for 80.01-85%. For FICO under 640, BPMI Monthly MI and Lender-Paid MI are the only permitted MI. For manufactured properties, BPMI Monthly MI is the only permitted MI. Manufactured Homes CLTV and HCLTV are not to exceed the LTV. Feedback Temporary Buydowns Temporary buydowns not available. Escrow Waiver See Escrow Waiver Policy for eligibility and state criteria. Cash-out less than or equal to $250. Excess proceeds may be applied as a curtailment Fees and Cost on the new loan. The borrower must have a reduction in interest rate of at least 50 basis points. Borrower Benefit The borrower must have a reduction in the monthly payment that includes principal, interest and the mortgage insurance payment (if applicable) of at least $1.00. Products Not Offered By UWM See Products Not Offered Job Aid for list of products not currently offered by UWM. STATE REQUIREMENTS: TEXAS 50(A)(6) IS NOT PERMITTED https://thesource.uwm.com/search-guidelines/uwm-documents/secondary/refinowmatrix 2/3 11/18/25, 12:06 PM RefiNow™ Matrix **Please refer to the current FNMA and FHLMC Selling Guides and UWM Overlay Sheet for detailed underwriting guidelines and documentation requirements. All borrowers on the loan must have a FICO score and must meet the FICO requirement.** DATE UPDATED: 3/2/2023 PROPRIETARY AND CONFIDENTIAL TO UWM - FOR USE BY UWM APPROVED PARTIES ONLY. NMLS #3038 Back to Top Feedback https://thesource.uwm.com/search-guidelines/uwm-documents/secondary/refinowmatrix 3/3 ",
    "ingested_at":  "2025-11-18 12:53:07"
}
