{
    "file":  "USDA Matrix.pdf",
    "base_name":  "USDA Matrix",
    "product_category":  "Unknown",
    "extracted_text":  "11/18/25, 12:09 PM USDA Matrix USDA Matrix PURCHASE \u0026 RATE/TERM REFINANCE LTV FICO Purchase Refinance Maximum Minimum 1-Family 2-4 Family Rate/Term Cash-Out Feedback 102%1 6202 Owner Occupied Not Eligible Previous USDA Not Eligible 1Based on appraised value only (includes 1% Guarantee Fee). 2Must receive Approve/Eligible from Guaranteed Underwriting System (GUS) ELIGIBILITY Income of all household members 18 years of age and older cannot Household Income exceed USDA Guidelines. Restricted to non-urban areas. See guidelines at Property Location http://eligibility.sc.egov.usda.gov Age of Documents All credit documents must be within 120 days of the Note date. https://thesource.uwm.com/search-guidelines/uwm-documents/secondary/usdamatrix 1/4 11/18/25, 12:09 PM USDA Matrix ELIGIBILITY U.S. citizens and permanent resident aliens not able to secure credit Eligible Borrowers on reasonable terms without USDA Guarantee. Can be financed in the loan amount if there is room in the appraised Closing Costs and Prepaids value over the purchase price. Can only own one other home that is not within local commuting area Multiple Properties Owned or is uninhabitable. Must receive Approve/Eligible from Guaranteed Underwriting System Underwriting (GUS). Temporary Buydowns Not permitted. Escrow Waivers Not permitted. Feedback Manufactured property types are only permitted on non-jumbo properties. Manufactured Properties CLTV and HCLTV are not to exceed the LTV. Only permitted on new construction homes. See Products Not Offered Job Aid for list of products not currently Products Not Offered offered by UWM. CREDIT Mortgage History No specific guidance. Follow GUS findings. https://thesource.uwm.com/search-guidelines/uwm-documents/secondary/usdamatrix 2/4 11/18/25, 12:09 PM USDA Matrix CREDIT Must be clear �\" all delinquent federal debt must be paid CAIVRS (payment arrangements not acceptable). INCOME/EMPLOYMENT 2-year work history with pay stubs or earnings statements Employment History for most recent 30 days; W-2 forms from the previous 2 years. At least 2 years or at least 1 year and same line of work from Self-employed previous employment. Mortgage Credit Certificates Not eligible. Feedback ASSETS Reserves As required by Guaranteed Underwriting System (GUS). Seller Contributions 6% Limit. PROPERTY Eligible Properties Owner occupied, single family only. 2-4 family not eligible Private wells must be tested. Septic not eligible in flood zone. Well \u0026 Septic Septic inspections only if required by the appraiser. **Please refer to the current USDA Handbook and UWM Overlay Sheet for detailed underwriting guidelines and documentation requirements. All borrowers on the loan must have a FICO score and must meet the FICO requirement.** https://thesource.uwm.com/search-guidelines/uwm-documents/secondary/usdamatrix 3/4 11/18/25, 12:09 PM USDA Matrix DATE UPDATED: 9/13/2024 PROPRIETARY AND CONFIDENTIAL TO UWM - FOR USE BY UWM APPROVED PARTIES ONLY. NMLS #3038 Feedback https://thesource.uwm.com/search-guidelines/uwm-documents/secondary/usdamatrix 4/4 ",
    "ingested_at":  "2025-11-18 12:53:08"
}
