{
    "file":  "VA Adjustable Rate Mortgage (ARM) Matrix.pdf",
    "base_name":  "VA Adjustable Rate Mortgage (ARM) Matrix",
    "product_category":  "VA",
    "extracted_text":  "11/16/25, 2:24 AM VA Adjustable Rate Mortgage (ARM) Matrix VA Adjustable Rate Mortgage (ARM) Matrix 3/1 and 5/1 ARMs | 3/1 and 5/1 Jumbo ARMs PURCHASE \u0026 CASH-OUT REFINANCE PRIMARY RESIDENCE ONLY Base Loan Property Type Purpose Type Max LTV/CLTV/HCLTV Min FICO Feedback Amount Maximum is Purchase 100% 580 Conforming Loan Limit 1-4 Units Jumbo minimum is $1 over Type 1 \u0026 2 Cash-Out 100%1 580 conforming loan limit ¹LTV for Type 1 and Type 2 cash-out is calculated with the loan amount plus funding fee together. https://thesource.uwm.com/search-guidelines/uwm-documents/secondary/vaarmmatrix 1/3 11/16/25, 2:24 AM VA Adjustable Rate Mortgage (ARM) Matrix BASIC PRODUCT PARAMETERS Max base loan amount to be the lesser of an amount that allows for the equity Borrowers cannot combine VA and available VA guaranty to be at least 25% of the purchase price or appraised entitlement value Manufactured property types are only Base loan amounts are not to exceed CLTV and HCLTV are not to exceed the permitted on non-jumbo, 1-unit $4,000,000 LTV on manufactured properties properties Any fixed to ARM refinance (cash-out or IRRRL), \u003e90% LTV cannot exceed 1% of Temporary Buydowns not available total discount and compensation points See Escrow Waiver Policy for eligibility See Products Not Offered Job Aid for list of products not currently offered by and state criteria UWM. Feedback All ARMS qualify at the Note Rate ARM Caps = 1/1/5 INTEREST RATE REDUCTION REFINANCING (IRRRL) PRIMARY RESIDENCE, INVESTMENT PROPERTY, AND SECOND HOME Property Type Max LTV / CLTV / HCLTV Min FICO Base Loan Amount Maximum is Conforming Loan Limit / Jumbo Minimum 1-4 Units N/A 580 is $1 over Conforming Loan Limit \u003c https://thesource.uwm.com/search-guidelines/uwm-documents/secondary/vaarmmatrix 2/3 11/16/25, 2:24 AM VA Adjustable Rate Mortgage (ARM) Matrix IRRRL PRODUCT PARAMETERS Any fixed to ARM refinance (cash-out or IRRRL), \u003e90% LTV cannot exceed 1% of Temporary Buydowns not available total discount and compensation points Manufactured property types are only CLTV and HCLTV are not to exceed the See Escrow Waiver Policy for eligibility permitted on non-jumbo, 1-unit LTV on manufactured properties and state criteria properties ** Please refer to the current VA Guidelines and UWM Overlay Sheet for detailed underwriting guidelines and documentation requirements. All borrowers on the loan must have a FICO score and must meet the FICO requirement ** DATE UPDATED: 6/11/2025 Feedback PROPRIETARY AND CONFIDENTIAL TO UWM - FOR USE BY UWM APPROVED PARTIES ONLY. NMLS #3038 https://thesource.uwm.com/search-guidelines/uwm-documents/secondary/vaarmmatrix 3/3 ",
    "ingested_at":  "2025-11-18 12:53:08"
}
